url,Product New  Description,H1 Tag,Title,Desc,Keyword,,IMg URL 2,hs_product_id
https://www.hsglobalexport.com/, ,"Best Marble Furniture, Granite Handcrafted Products Manufacturers and Trusted Global Supplier & Exporter","  HS Global Export : Premium Granite & Marble Solutions - Handcrafted Products Manufacturers with Free Delivery | USA | UK
",Hs Global Export – Best marble furniturers offering premium granite & marble solutions. Handcrafted products with free delivery to USA & UK and across world,"Premium Granite Furniture Exporter, Marble Furniture Manufacturer, Italian Onyx Furniture, Indian Marble Furniture Export, Beige and Grey Marble Furniture, Marble Sinks and Tiles Exporter, Global Granite & Marble Supplier, Luxury Marble Furniture, Custom Marble Furniture, High-Quality Marble Tiles Export, Premium Marble Sink Manufacturers, Marble Home Décor Exporter, Natural Stone Furniture Manufacturer, Marble Bathroom Sinks, Granite & Marble Export Worldwide, Onyx Marble Furniture Exporter, Luxury Stone Furniture for Export, Global Supplier of Marble Tiles, High-End Marble Furniture, Wholesale Marble Furniture Exporter.",Canonical Tag, ,
https://www.hsglobalexport.com/about, ,,"Best Marble Sink, Marble Decor, Granite Sink, Tiles - USA, UK and Across wold wide
","HS Global Export offers premium marble sinks, granite sinks, tiles, and marble décor, supplying high-quality natural stone products across the USA, UK, and worldwide.","About Us, Best Marble Sink, Marble Decor, Granite Sink, Marble Tiles Exporter, Granite Tiles Supplier, Marble Sink Manufacturer, Luxury Marble Decor, Natural Stone Sinks, Premium Granite Sink, Marble Tiles USA, Marble Tiles UK, Granite & Marble Tiles Worldwide, Marble Products Exporter, Global Marble Supplier, Marble & Granite Export Worldwide, High-Quality Marble Tiles, Custom Marble Sink, Stone Decor Manufacturer, International Marble Exporter",https://www.hsglobalexport.com/, ,
https://www.hsglobalexport.com/products, ,"Best Luxury & Imported Marble Stones at Marble, Granite Centre International","Best Marble & Granite Company at USA, UK and Across wold wide - Hs Global Export","Explore our range of premium granite stones, tiles, marble & slabs at Marble Centre. Discover high-quality imported marble, crafted to perfection for various application needs. Custom Order.","Premium Granite Stones, Marble Tiles Supplier, Imported Marble, Marble Slabs Manufacturer, Granite Tiles Exporter, High Quality Marble, Natural Stone Supplier, Custom Marble Orders, Granite Slabs Supplier, Luxury Marble Stones, Marble Centre, Stone Tiles Manufacturer, Marble Flooring Tiles, Granite & Marble Slabs, Premium Natural Stone, Marble for Interior & Exterior, Customized Stone Solutions",https://www.hsglobalexport.com/about, ,
https://www.hsglobalexport.com/gallery,  ,,Best Luxury & Imported Marble Stones Galarry - Hs Global Export,"HS Global Export presents a premium gallery of luxury and imported marble stones, offering high-quality natural stone collections crafted for elegant residential and commercial applications worldwide.","Best Luxury Marble Stones, Imported Marble Gallery, Luxury Marble Gallery, Premium Marble Stones, Italian Marble Supplier, Imported Marble Exporter, Marble Stone Gallery, High-End Marble Collection, Natural Stone Gallery, Marble Showroom Exporter, Luxury Stone Supplier, Marble Slabs Gallery, Premium Imported Marble, HS Global Export, Global Marble Exporter, Luxury Italian Marble, Marble Exporter Worldwide, Granite & Tiles Supplier, Imported Marble Exporter, Marble Tiles Manufacturer, Premium Granite Supplier, Marble Export USA, Marble Export UK, Natural Stone Exporter, Luxury Marble Supplier, Italian Marble Export, Global Marble & Granite Supply, HS Global Export",https://www.hsglobalexport.com/products, ,
https://www.hsglobalexport.com/services, ,,,,,https://www.hsglobalexport.com/gallery,,
https://www.hsglobalexport.com/blog, ,,,,,https://www.hsglobalexport.com/services,,
https://www.hsglobalexport.com/contact, ,,,,,https://www.hsglobalexport.com/blog,,
https://www.hsglobalexport.com/products/beige-travertine-coffee-table," HS Global Beige Travertine Coffee Table is a stunning fusion of modern design and natural stone craftsmanship, created to elevate your home with refined elegance. This table features a smooth oval top made from genuine beige travertine, showcasing naturally occurring veining, warm earthy tones, and a beautifully textured surface. Each stone slab is unique, ensuring your piece is a true one-of-a-kind centerpiece.

✨Limited Period Offer! Enjoy complimentary fast shipping with 🚚 DHL Express (5 to 7 working days). Buy your favorite HS Global handmade product now!


💎 A Truly Original Piece

Don't miss out! - Perfect for gifting or adding a unique touch to your space!

📌 Disclaimer: 

As with all our stone items, these stones are a naturally occurring substance, please expect slight variations in color, patterns, and shades for each item. Not all items will look exactly the same, and may vary slightly from photos.

💡 Our products are made from 100% natural stone —

✨ No chemicals
✨ No artificial colors
✨ No paint or fillers (Not used in any part of the production)
Just pure, natural elegance.

Note : We can also prepare the stock as per the buyer's requirement.

📍 Materials We Expertly Craft

👉 Marble • Stone • Granite • Ceramic • Semi-Precious Stone • Travertine • Natural Stone


Please contact us for your custom orders and bulk purchases. 

🙏 Thank you for choosing HS Global! 🤝

",Beige Travertine Coffee Tables,Buy Beige Travertine Coffee Tables by HS Global Export | Free Delivery,"Searching Beige Travertine Coffee Table or Center table? At Hs Global Export, Explore designer coffee & centre table for living room, starting at best price with free shipping (delivery).","Beige Travertine Coffee Table, Travertine Coffee Table, Beige Travertine Center Table, Travertine Center Table, Designer Coffee Table, Luxury Coffee Table, Stone Coffee Table, Natural Stone Coffee Table, Travertine Furniture, Living Room Coffee Table, Modern Coffee Table, Buy Beige Travertine Coffee Table Online, Beige Travertine Coffee Table for Living Room, Designer Travertine Coffee Table India, Travertine Center Table with Free Delivery, Beige Stone Coffee Table Modern Design, Handmade Travertine Coffee Table, Luxury Travertine Coffee Table for Home",https://www.hsglobalexport.com/contact, ,
https://www.hsglobalexport.com/products/emerald-green-marble-coffee-table,"Elevate your living space with the Emerald Green Marble Coffee Table by HS Global, a stunning centerpiece that blends art and function. Crafted from premium emerald green marble, its rich, natural veining makes each table truly one-of-a-kind. The table features a perfectly sculptural round top paired with a unique spherical base, creating a sense of balance and modern elegance that complements both contemporary and classic interiors.

Beyond its visual appeal, this coffee table offers a durable and smooth surface ideal for displaying decor, books, or serving drinks. The polished marble finish not only enhances its luxurious aesthetic but also ensures longevity and easy maintenance. Its compact yet striking design allows it to seamlessly fit in living rooms, lounges, or reception areas, making it a versatile addition to any space.

With the Emerald Green Marble Coffee Table, function meets sculpture, transforming everyday living into an experience of sophistication. Redefine your home décor with this timeless piece from HS Global.

✨Limited Period Offer! Enjoy complimentary fast shipping with 🚚 DHL Express (5 to 7 working days). Buy your favorite HS Global handmade product now!


💎 A Truly Original Piece

Don't miss out! - Perfect for gifting or adding a unique touch to your space!

📌 Disclaimer: 

As with all our stone items, these stones are a naturally occurring substance, please expect slight variations in color, patterns, and shades for each item. Not all items will look exactly the same, and may vary slightly from photos.

💡 Our products are made from 100% natural stone —

✨ No chemicals
✨ No artificial colors
✨ No paint or fillers (Not used in any part of the production)
Just pure, natural elegance.

Note : We can also prepare the stock as per the buyer's requirement.

📍 Materials We Expertly Craft

👉 Marble • Stone • Granite • Ceramic • Semi-Precious Stone • Travertine • Natural Stone


Please contact us for your custom orders and bulk purchases. 

🙏 Thank you for choosing HS Global! 🤝


","Emerald Green Marble Coffee Table 
","Buy Emerald Green Marble Coffee Table | Free Delivery by HS Global Export
"," HS Global Export, This Emerald Green coffee table features a unique base crafted from three round marble balls. The polished marble balls provide a sturdy foundation, while the round marble top adds a luxurious finishing touch. Order Online with Free Delivery Services
","Emerald green marble coffee table, green marble coffee table, luxury marble coffee table, round marble coffee table, modern marble coffee table, coffee table with marble ball base, three ball marble coffee table, marble sphere base coffee table",https://www.hsglobalexport.com/products/beige-travertine-coffee-table, ,green-marble-coffee-table-modern-stone-center-table
https://www.hsglobalexport.com/products/green-marble-coffee-table-furniture,,Green Marblle Coffee Tables Furniture,Green - Coffee Tables | Living Room Tables: Furniture | Free Delivery - Hs Global,"Shop emerald green marble coffee tables by HS Global Export. Luxury living room furniture with sculptural marble ball base, premium finish, and free home delivery.","Green coffee table, emerald green coffee table, green marble coffee table, luxury coffee table, living room coffee table, modern coffee table, designer coffee table, marble coffee table, round coffee table, contemporary living room furniture, premium furniture, home décor furniture, HS Global Export, free delivery furniture, stylish coffee table",https://www.hsglobalexport.com/products/emerald-green-marble-coffee-table, ,green-marble-coffee-table-modern-stone-center-table
https://www.hsglobalexport.com/products/green-marble-coffee-table,"✨Limited Period Offer! Enjoy complimentary fast shipping with 🚚 DHL Express (5 to 7 working days). Buy your favorite HS Global handmade product now!


💎 A Truly Original Piece

Don't miss out! - Perfect for gifting or adding a unique touch to your space!

📌 Disclaimer: 

As with all our stone items, these stones are a naturally occurring substance, please expect slight variations in color, patterns, and shades for each item. Not all items will look exactly the same, and may vary slightly from photos.

💡 Our products are made from 100% natural stone —

✨ No chemicals
✨ No artificial colors
✨ No paint or fillers (Not used in any part of the production)
Just pure, natural elegance.

Note : We can also prepare the stock as per the buyer's requirement.

📍 Materials We Expertly Craft

👉 Marble • Stone • Granite • Ceramic • Semi-Precious Stone • Travertine • Natural Stone


Please contact us for your custom orders and bulk purchases. 

🙏 Thank you for choosing HS Global! 🤝",Green Marblle Coffee Tables,Buy Online Green Marble Coffee Table - HS Global Export,"Elegant green marble coffee table with rich natural veining, durable polished surface, and sturdy build—perfect for modern living rooms and luxury interiors designs."," Green marble coffee table, natural marble coffee table, luxury marble center table, green stone coffee table, modern marble coffee table, round marble coffee table, marble living room table, premium marble furniture, custom marble coffee table, designer marble table",https://www.hsglobalexport.com/products/green-marble-coffee-table-furniture, ,green-marble-coffee-table-modern-stone-center-table
https://www.hsglobalexport.com/products/luxury-katni-onyx-marble-coffee-table,"Transform your living space with the Luxury Katni Onyx Marble Coffee Table with Spherical Base from HS Global. Expertly handcrafted, this center table combines the natural beauty of Katni Onyx marble with an artistic spherical base, creating a striking focal point for any modern or classic interior.

The rich veining and luminous finish of Katni Onyx marble add sophistication and elegance, while the unique spherical base provides both stability and visual intrigue. Each piece is meticulously crafted, ensuring that no two tables are exactly alike, making your furniture a true work of art.

Designed for style and practicality, this coffee table offers a smooth, polished surface ideal for drinks, décor, or books. Its freestanding design allows versatile placement in living rooms, lounges, or boutique spaces, enhancing the aesthetic appeal of your interiors.

HS Global dedication to quality craftsmanship guarantees a luxurious, durable centerpiece that elevates your home décor, blending functionality with timeless artistry.

✨Limited Period Offer! Enjoy complimentary fast shipping with 🚚 DHL Express (5 to 7 working days). Buy your favorite HS Global handmade product now!


💎 A Truly Original Piece

Don't miss out! - Perfect for gifting or adding a unique touch to your space!

📌 Disclaimer: 

As with all our stone items, these stones are a naturally occurring substance, please expect slight variations in color, patterns, and shades for each item. Not all items will look exactly the same, and may vary slightly from photos.

💡 Our products are made from 100% natural stone —

✨ No chemicals
✨ No artificial colors
✨ No paint or fillers (Not used in any part of the production)
Just pure, natural elegance.

Note : We can also prepare the stock as per the buyer's requirement.

📍 Materials We Expertly Craft

👉 Marble • Stone • Granite • Ceramic • Semi-Precious Stone • Travertine • Natural Stone


Please contact us for your custom orders and bulk purchases. 

🙏 Thank you for choosing HS Global! 🤝


",Luxury Katni Onyx Marble Coffee Table,Buy Online Luxury Katni Onyx Marble Coffee Table -  Hs Global Export,"Luxury Katni Onyx Marble Coffee Table by HS Global Export, crafted from premium natural onyx with elegant patterns, perfect for stylish modern living spaces.","Luxury Katni Onyx marble coffee table, buy onyx coffee table online, Katni onyx center table, premium onyx marble table, designer onyx coffee table, natural onyx living room table, luxury marble furniture, modern onyx coffee table, handcrafted onyx table",https://www.hsglobalexport.com/products/green-marble-coffee-table, ,beige-marble-coffee-table-round-luxury-center-table
https://www.hsglobalexport.com/products/marble-nesting-coffee-table-set,,Marble Nesting Coffee Table Set,Buy Marble Nesting Coffee Table Set Online At Lowest - Hs Global Export,"Elegant Marble Nesting Coffee Table by HS Global Export, crafted from premium natural marble. Stylish, space saving design perfect for modern living rooms and interiors.","Marble nesting coffee table, marble coffee table, nesting marble center table, luxury marble nesting tables, modern marble coffee table, space saving marble table, round marble nesting table, premium marble furniture, designer marble coffee table,",https://www.hsglobalexport.com/products/luxury-katni-onyx-marble-coffee-table, ,marble-nesting-coffee-tables-modern-stone-table-set
https://www.hsglobalexport.com/products/natural-marble-pebble-cluster,,"Natural Marble Pebble Cluste
",Buy Natural White Marble Pebbles Cluster Online - HS Global Export,"Buy Natural White Marble Pebble Cluster from HS Global Export, crafted from premium stone with smooth finish, perfect for landscaping, decor, and luxury interiors.","Natural marble pebble cluster, natural white marble pebbles, buy marble pebbles online, white marble stone pebbles, decorative marble pebbles, landscaping marble stones, polished marble pebbles, garden marble pebbles, premium white pebbles, natural stone pebbles, marble pebbles for decor, outdoor marble stones, high quality marble pebbles",https://www.hsglobalexport.com/products/marble-nesting-coffee-table-set, ,
https://www.hsglobalexport.com/products/panda-white,"The Panda White Marble Side Table from HS Global is a stunning fusion of natural beauty and modern craftsmanship. Designed as a sculptural accent piece, it showcases the bold black-and-white veining that makes Panda marble uniquely captivating. Its striking patterns ensure that every table is a one-of-a-kind work of art.
 Each table is meticulously handcrafted and polished to achieve a smooth, refined surface. This attention to detail enhances the marble’s natural contrast while ensuring long-lasting durability. Whether used daily or displayed as a decorative statement, it offers both function and timeless elegance.
 Versatile in its design, the table complements modern, minimalist, and luxury interiors alike. Placed beside a sofa, lounge chair, or bedside, it introduces a bold visual element without disrupting your décor’s harmony.
 More than furniture, this piece serves as a sculptural focal point. Perfect for displaying décor, supporting everyday items, or standing alone as a design statement, the Panda White Marble Side Table elevates any space with sophistication and contemporary charm.



✨Limited Period Offer! Enjoy complimentary fast shipping with 🚚 DHL Express (5 to 7 working days). Buy your favorite HS Global handmade product now!


💎 A Truly Original Piece

Don't miss out! - Perfect for gifting or adding a unique touch to your space!

📌 Disclaimer: 

As with all our stone items, these stones are a naturally occurring substance, please expect slight variations in color, patterns, and shades for each item. Not all items will look exactly the same, and may vary slightly from photos.

💡 Our products are made from 100% natural stone —

✨ No chemicals
✨ No artificial colors
✨ No paint or fillers (Not used in any part of the production)
Just pure, natural elegance.

Note : We can also prepare the stock as per the buyer's requirement.

📍 Materials We Expertly Craft

👉 Marble • Stone • Granite • Ceramic • Semi-Precious Stone • Travertine • Natural Stone


Please contact us for your custom orders and bulk purchases. 

🙏 Thank you for choosing HS Global! 🤝",Panda White | Three Balls White Marble Coffee Table,Buy Panda White Marble Three Balls online at Best Price by HS Global Export,"Buy Panda White Marble Three Balls online at best price from HS Global Export. Premium quality, elegant design, perfect for home décor, landscaping, and luxury interiors.Shop Now","Panda White Marble three balls, buy Panda White Marble online, white marble decorative balls, premium marble balls, luxury marble décor",https://www.hsglobalexport.com/products/natural-marble-pebble-cluster, ,
https://www.hsglobalexport.com/products/polished-travertine-coffee-table-with-planter,,Polished Travertine Coffee Table With Planter,Buy Polished Travertine Coffee Table With Planter Online At Lowest Price, Buy Polished Travertine Coffee Table With Planter Online At Lowest Price from HS Global Export. Elevate your living space with timeless stone elegance and built-in greenery. Shop now.,"HS Global Export, Polished Travertine Coffee Table, Travertine Coffee Table with Planter, Stone Coffee Table Online, Luxury Travertine Table, Modern Stone Center Table, Natural Stone Coffee Table, Travertine Living Room Table, Designer Coffee Table with Planter, Buy Travertine Coffee Table Online",https://www.hsglobalexport.com/products/panda-white, ,round-travertine-coffee-table-with-sphere-base
https://www.hsglobalexport.com/products/sandstone-marine-black-coffee-table," The Sandstone & Marine Black Coffee Table by HS Global blends natural materials with refined craftsmanship to create a striking yet minimalist centerpiece. Handcrafted by skilled artisans, this round table features a warm sandstone body complemented by bold Marine Black accents, offering a beautiful contrast in both color and texture. The smooth, honed finish highlights the stone’s organic patterns, giving each piece its own unique character. Its balanced silhouette and earthy tones make it an inviting addition to modern, contemporary, or nature-inspired interiors.

Designed for those who appreciate subtle luxury, this coffee table pairs durability with artistic appeal. The solid stone construction ensures lasting stability, while the minimalist form allows the materials to speak for themselves. Whether styled with a sculptural vase, a curated stack of books, or left untouched to showcase its natural beauty, the table adds depth and elegance to any living space. Perfect for living rooms, lounges, and design-forward environments, the Sandstone & Marine Black Coffee Table brings together timeless design and organic sophistication in one harmonious piece.



✨Limited Period Offer! Enjoy complimentary fast shipping with 🚚 DHL Express (5 to 7 working days). Buy your favorite HS Global handmade product now!


💎 A Truly Original Piece

Don't miss out! - Perfect for gifting or adding a unique touch to your space!

📌 Disclaimer: 

As with all our stone items, these stones are a naturally occurring substance, please expect slight variations in color, patterns, and shades for each item. Not all items will look exactly the same, and may vary slightly from photos.

💡 Our products are made from 100% natural stone —

✨ No chemicals
✨ No artificial colors
✨ No paint or fillers (Not used in any part of the production)
Just pure, natural elegance.

Note : We can also prepare the stock as per the buyer's requirement.

📍 Materials We Expertly Craft

👉 Marble • Stone • Granite • Ceramic • Semi-Precious Stone • Travertine • Natural Stone


Please contact us for your custom orders and bulk purchases. 

🙏 Thank you for choosing HS Global! 🤝","Sandstone & Marine Black Coffee Table
",Buy Sandstone & Marine Black Coffee Table Online at Best Price by Hs Global Export,"Buy Sandstone & Marine Black Coffee Table Online at Best Price by HS Global Export. Premium natural stone design crafted for modern, elegant living spaces."," HS Global Export, Sandstone Coffee Table, Marine Black Coffee Table, Sandstone and Marine Black Table, Natural Stone Coffee Table, Luxury Stone Center Table, Modern Black Coffee Table, Designer Stone Coffee Table, Premium Living Room Table, Buy Stone Coffee Table Online,",https://www.hsglobalexport.com/products/polished-travertine-coffee-table-with-planter, ,
https://www.hsglobalexport.com/products/white-cluster-bullet,"✨Limited Period Offer! Enjoy complimentary fast shipping with 🚚 DHL Express (5 to 7 working days). Buy your favorite HS Global handmade product now!


💎 A Truly Original Piece

Don't miss out! - Perfect for gifting or adding a unique touch to your space!

📌 Disclaimer: 

As with all our stone items, these stones are a naturally occurring substance, please expect slight variations in color, patterns, and shades for each item. Not all items will look exactly the same, and may vary slightly from photos.

💡 Our products are made from 100% natural stone —

✨ No chemicals
✨ No artificial colors
✨ No paint or fillers (Not used in any part of the production)
Just pure, natural elegance.

Note : We can also prepare the stock as per the buyer's requirement.

📍 Materials We Expertly Craft

👉 Marble • Stone • Granite • Ceramic • Semi-Precious Stone • Travertine • Natural Stone


Please contact us for your custom orders and bulk purchases. 

🙏 Thank you for choosing HS Global! 🤝",White Cluster Bullet Online,Buy White Cluster Bullet Online at Best Price by Hs Global Expert,"Buy White Cluster Bullet Online at Best Price by HS Global Expert. Premium quality design crafted for modern interiors, adding elegance and style to any space. Shop now.","HS Global Expert, White Cluster Bullet, White Bullet Decor, Cluster Bullet Design, Modern White Decor Accent, Designer Bullet Shape Decor, Premium Home Decor Item, Contemporary Decorative Piece, Luxury Interior Decor, Buy White Cluster Bullet Online",https://www.hsglobalexport.com/products/sandstone-marine-black-coffee-table, ,
https://www.hsglobalexport.com/products/white-marble-coffee-table," Elevate your living space with the timeless beauty of this White Marble Coffee Table by HS Global. Expertly crafted from high-quality natural marble, its polished round surface showcases soft veining and gentle tonal variations that make each piece uniquely elegant. The smooth finish reflects light beautifully, adding a sense of spaciousness and refinement to any room. Its minimalist silhouette allows the stone’s natural charm to take center stage, creating a luxurious yet understated focal point.

Designed with modern simplicity in mind, this center table blends durability with sculptural appeal. The solid marble construction ensures long-lasting stability, while its clean lines make it effortless to style with contemporary décor. Whether placed in a living room, lounge, or curated designer setting, the table complements a wide range of interiors—from crisp modern spaces to warm, neutral palettes. Perfect for displaying art books, floral arrangements, or daily essentials, this polished white marble coffee table brings sophistication and balance to your home with ease.



✨Limited Period Offer! Enjoy complimentary fast shipping with 🚚 DHL Express (5 to 7 working days). Buy your favorite HS Global handmade product now!


💎 A Truly Original Piece

Don't miss out! - Perfect for gifting or adding a unique touch to your space!

📌 Disclaimer: 

As with all our stone items, these stones are a naturally occurring substance, please expect slight variations in color, patterns, and shades for each item. Not all items will look exactly the same, and may vary slightly from photos.

💡 Our products are made from 100% natural stone —

✨ No chemicals
✨ No artificial colors
✨ No paint or fillers (Not used in any part of the production)
Just pure, natural elegance.

Note : We can also prepare the stock as per the buyer's requirement.

📍 Materials We Expertly Craft

👉 Marble • Stone • Granite • Ceramic • Semi-Precious Stone • Travertine • Natural Stone


Please contact us for your custom orders and bulk purchases. 

🙏 Thank you for choosing HS Global! 🤝",White Marble Coffee Table & Top Center Table,Buy White Marble Coffee Table Online at Best Price by Hs Global Expert,"Buy White Marble Coffee Table by HS Global Export. Premium natural marble design crafted for elegant, modern living spaces with timeless luxury appeal. Shop now.","HS Global Export, White Marble Coffee Table, Marble Coffee Table, Luxury Marble Table, Modern White Coffee Table, Designer Marble Center Table, Natural Stone Coffee Table, Elegant Living Room Table, Premium Marble Furniture, Buy Marble Coffee Table Online",https://www.hsglobalexport.com/products/white-cluster-bullet, ,white-marble-coffee-table-round-modern-stone-table
https://www.hsglobalexport.com/products/banswara-white-marble-console-table,"Enhance your entryway with the sophisticated elegance of the Banswara White Marble Console Table by HS Global. Crafted from premium Banswara marble, this table features a polished surface that beautifully highlights the stone’s natural veining and subtle variations in tone. Its clean, rectangular form brings a modern touch, while the distinctive fluted detailing along the base adds texture and visual interest, creating a perfect balance between minimalism and artistic design. Each piece is meticulously crafted, ensuring a luxurious, one-of-a-kind statement for your home.

Designed to combine style and functionality, this console table provides an ideal surface for décor, floral arrangements, or everyday essentials. Its solid marble construction ensures stability and durability, while the contemporary fluted design makes it a striking centerpiece in hallways, living rooms, or transitional spaces. The Banswara White Marble Console Table exemplifies HS Global’s dedication to craftsmanship, transforming natural stone into modern, functional art that elevates your entryway with timeless beauty and refined sophistication.




✨Limited Period Offer! Enjoy complimentary fast shipping with 🚚 DHL Express (5 to 7 working days). Buy your favorite HS Global handmade product now!


💎 A Truly Original Piece

Don't miss out! - Perfect for gifting or adding a unique touch to your space!

📌 Disclaimer: 

As with all our stone items, these stones are a naturally occurring substance, please expect slight variations in color, patterns, and shades for each item. Not all items will look exactly the same, and may vary slightly from photos.

💡 Our products are made from 100% natural stone —

✨ No chemicals
✨ No artificial colors
✨ No paint or fillers (Not used in any part of the production)
Just pure, natural elegance.

Note : We can also prepare the stock as per the buyer's requirement.

📍 Materials We Expertly Craft

👉 Marble • Stone • Granite • Ceramic • Semi-Precious Stone • Travertine • Natural Stone


Please contact us for your custom orders and bulk purchases. 

🙏 Thank you for choosing HS Global! 🤝",Banswara White Marble Console Table ,Buy Banswara White Marble Console TableOnline at Best Price by Hs Global Export,Buy Banswara White Marble Console Table Online at Best Price by HS Global Export. Elegant natural marble design adds luxury and style to any modern living space. Shop now.,"HS Global Export, Banswara White Marble Console Table, White Marble Console Table, Luxury Marble Console Table, Designer Marble Console, Natural Stone Console Table, Modern Marble Furniture, Elegant Living Room Console, Premium Marble Decor, Buy Marble Console Table Online",https://www.hsglobalexport.com/products/white-marble-coffee-table, ,
https://www.hsglobalexport.com/products/cappuccino-brown-marble-console-table," Bring warmth and sophistication to your entryway with the Cappuccino Brown Marble Console Table by HS Global. Crafted from premium natural marble, this console table features a rich cappuccino brown tone with elegant veining that creates a warm, inviting presence in any space. Its polished surface enhances the stone’s natural beauty, reflecting light subtly and adding depth to hallways, living rooms, or transitional areas. The slim, refined silhouette makes it an ideal choice for modern homes seeking a balance of elegance and practicality.

Designed with contemporary simplicity in mind, this console table pairs clean lines with the timeless durability of solid marble. Its sturdy structure provides dependable support while maintaining a sleek, uncluttered look that complements minimalist, modern, and classic interiors alike. Perfect for displaying artwork, floral arrangements, or everyday essentials, it instantly elevates your space with its luxurious yet understated design. The Cappuccino Brown Marble Console Table embodies HS Global’s commitment to craftsmanship, offering a functional statement piece that enhances the atmosphere of any home with effortless elegance.


✨Limited Period Offer! Enjoy complimentary fast shipping with 🚚 DHL Express (5 to 7 working days). Buy your favorite HS Global handmade product now!


💎 A Truly Original Piece

Don't miss out! - Perfect for gifting or adding a unique touch to your space!

📌 Disclaimer: 

As with all our stone items, these stones are a naturally occurring substance, please expect slight variations in color, patterns, and shades for each item. Not all items will look exactly the same, and may vary slightly from photos.

💡 Our products are made from 100% natural stone —

✨ No chemicals
✨ No artificial colors
✨ No paint or fillers (Not used in any part of the production)
Just pure, natural elegance.

Note : We can also prepare the stock as per the buyer's requirement.

📍 Materials We Expertly Craft

👉 Marble • Stone • Granite • Ceramic • Semi-Precious Stone • Travertine • Natural Stone


Please contact us for your custom orders and bulk purchases. 

🙏 Thank you for choosing HS Global! 🤝",Cappuccino Brown Marble Console Table,Buy Cappuccino Brown Marble Console Table Online at Best Price by Hs Global,"Buy Cappuccino Brown Marble Console Table by HS Global Export. Elegant natural marble design with rich brown tones, perfect for adding luxury and style to any space. Shop now.","HS Global Export, Cappuccino Brown Marble Console Table, Brown Marble Console Table, Luxury Marble Console, Designer Marble Furniture, Natural Stone Console Table, Modern Brown Marble Table, Elegant Living Room Console, Premium Marble Decor",https://www.hsglobalexport.com/products/banswara-white-marble-console-table, ,
https://www.hsglobalexport.com/products/exotic-white-marble-arch-console-table,,Exotic White Marble Arch Console Table,"Buy Exotic White Marble Arch Console Table Online by Hs Global Export
","Buy Exotic White Marble Arch Console Table Online from HS Global Export. Stunning natural marble design with elegant arch detailing, adding luxury and style to any space.","HS Global Export, Exotic White Marble Arch Console Table, White Marble Arch Console, Luxury Marble Console Table, Designer Marble Furniture, Natural Stone Console Table, Modern Marble Arch Table, Elegant Living Room Console, Premium Marble Decor, Buy Marble Console Table Online",https://www.hsglobalexport.com/products/cappuccino-brown-marble-console-table, ,marble-arch-console-table-modern-stone-entryway-table
https://www.hsglobalexport.com/products/green-marble-console-table,"Elevate your entryway or hallway with the Green Marble Console Table by HS Global. This polished sculptural piece combines artistry and functionality, making it ideal for homes, offices, hotels, or luxury commercial spaces.
 
 Crafted from premium green marble, the table’s surface highlights natural veining and rich hues, ensuring that each piece is unique. Its sleek, polished finish enhances the stone’s elegance while providing a durable, easy-to-maintain surface.
 
 The sculptural design, with a sturdy base and refined lines, adds architectural interest to any space. Whether placed in a foyer, living room, or reception area, it creates an immediate sense of sophistication and style.
 
 Compact yet versatile, the console table is perfect for displaying décor, flowers, or essentials, balancing practicality with visual impact. Its timeless design complements both contemporary and classic interiors.
 
 Invest in the Green Marble Console Table to transform ordinary spaces into luxurious, welcoming environments. A statement piece that merges craftsmanship, elegance, and everyday functionality, it’s perfect for any residential or commercial setting.



✨Limited Period Offer! Enjoy complimentary fast shipping with 🚚 DHL Express (5 to 7 working days). Buy your favorite HS Global handmade product now!


💎 A Truly Original Piece

Don't miss out! - Perfect for gifting or adding a unique touch to your space!

📌 Disclaimer: 

As with all our stone items, these stones are a naturally occurring substance, please expect slight variations in color, patterns, and shades for each item. Not all items will look exactly the same, and may vary slightly from photos.

💡 Our products are made from 100% natural stone —

✨ No chemicals
✨ No artificial colors
✨ No paint or fillers (Not used in any part of the production)
Just pure, natural elegance.

Note : We can also prepare the stock as per the buyer's requirement.

📍 Materials We Expertly Craft

👉 Marble • Stone • Granite • Ceramic • Semi-Precious Stone • Travertine • Natural Stone


Please contact us for your custom orders and bulk purchases. 

🙏 Thank you for choosing HS Global! 🤝",Green Marble Console Table,Buy Green Marble Console Table Online by Hs Global Export,"Buy Green Marble Console Table Online from HS Global Export. Elegant natural green marble design adds luxury and sophistication, perfect for modern living spaces.","HS Global Export, Green Marble Console Table, Luxury Green Marble Console, Designer Marble Console Table, Natural Stone Console Table, Modern Green Marble Furniture, Elegant Living Room Console, Premium Marble Decor, Buy Marble Console Table Online",https://www.hsglobalexport.com/products/exotic-white-marble-arch-console-table, ,green-marble-console-table-modern-stone-entryway-table
https://www.hsglobalexport.com/products/green-marble-entryway-console-table,,Green Marble Entryway Console Table,Buy Green Marble Entryway Console Table At Best Price by Hs Global Export,"Buy Green Marble Entryway Console Table from HS Global Export. Elegant natural green marble design enhances your entryway with luxury, style, and timeless sophistication.","HS Global Export, Green Marble Entryway Console Table, Luxury Green Marble Console, Designer Entryway Table, Natural Stone Console Table, Modern Green Marble Furniture, Elegant Entryway Decor, Premium Marble Console, Buy Marble Entryway Table Online, Contemporary Marble Console Design, Handcrafted Green Marble Table, Stylish Home Entryway Console, Marble Accent Furniture, Sophisticated Green Marble Table, Designer Home Decor Marble",https://www.hsglobalexport.com/products/green-marble-console-table, ,green-marble-console-table-modern-stone-entryway-table
https://www.hsglobalexport.com/products/green-marble-polished-console-table,,Green Marble Polished Console Table,Buy Green Marble Polished Console Table Online At Best Price by Hs Global Export,"Buy Green Marble Polished Console Table from HS Global Export. Premium polished green marble design adds elegance and luxury, perfect for stylish modern interiors.","HS Global Export, Green Marble Polished Console Table, Polished Green Marble Console, Luxury Marble Console Table, Designer Marble Furniture, Natural Stone Console Table, Modern Green Marble Table, Elegant Living Room Console, Premium Marble Decor,",https://www.hsglobalexport.com/products/green-marble-entryway-console-table, ,green-marble-console-table-modern-stone-entryway-table
https://www.hsglobalexport.com/products/handcrafted-banswara-white-marble-console-table,,Handcrafted Banswara White Marble Console Table,Buy Handcrafted Banswara White Marble Console Table by Hs Global Export," Buy Handcrafted Banswara White Marble Console Table from HS Global Export. Elegant, artisanal marble design adds luxury and sophistication to any modern living space.","HS Global Export, Handcrafted Banswara White Marble Console Table, White Marble Console Table, Luxury Marble Console, Designer Marble Furniture, Natural Stone Console Table, Modern Marble Table, Elegant Living Room Console, Premium Marble Decor, Buy Marble Console Table Online",https://www.hsglobalexport.com/products/green-marble-polished-console-table, ,
https://www.hsglobalexport.com/products/handcrafted-exotic-white-marble-console-table,"Make a lasting impression in your entryway with the Handcrafted Exotic White Marble Console Table by HS Global. Expertly carved from premium exotic white marble, this table showcases the stone’s natural veining and intricate patterns, giving each piece a truly unique character. The polished surface enhances the marble’s elegance, reflecting light and adding a sense of sophistication to any modern interior. Its sleek, rectangular form is thoughtfully designed to combine minimalist beauty with functional appeal, making it a perfect addition to hallways, living rooms, or transitional spaces.

Designed for durability and style, this console table features solid craftsmanship that ensures long-lasting stability. Its versatile design allows it to complement a variety of décor styles, from contemporary and modern to more eclectic interiors. Perfect for displaying decorative accents, art pieces, or daily essentials, the Handcrafted Exotic White Marble Console Table elevates your entryway with refined luxury and timeless beauty. With HS Global’s meticulous attention to detail, it is more than furniture—it is a statement of artistry and elegance.



✨Limited Period Offer! Enjoy complimentary fast shipping with 🚚 DHL Express (5 to 7 working days). Buy your favorite HS Global handmade product now!


💎 A Truly Original Piece

Don't miss out! - Perfect for gifting or adding a unique touch to your space!

📌 Disclaimer: 

As with all our stone items, these stones are a naturally occurring substance, please expect slight variations in color, patterns, and shades for each item. Not all items will look exactly the same, and may vary slightly from photos.

💡 Our products are made from 100% natural stone —

✨ No chemicals
✨ No artificial colors
✨ No paint or fillers (Not used in any part of the production)
Just pure, natural elegance.

Note : We can also prepare the stock as per the buyer's requirement.

📍 Materials We Expertly Craft

👉 Marble • Stone • Granite • Ceramic • Semi-Precious Stone • Travertine • Natural Stone


Please contact us for your custom orders and bulk purchases. 

🙏 Thank you for choosing HS Global! 🤝",Handcrafted Exotic White Marble Console Table,Buy Handcrafted Exotic White Marble Console Table Online by Hs Global Export,"Buy Handcrafted Exotic White Marble Console Table from HS Global Export. Premium artisanal marble design brings luxury, elegance, and timeless style to your home. Shop Now","HS Global Export, Handcrafted Exotic White Marble Console Table, Exotic White Marble Console, Luxury Marble Console Table, Designer Marble Furniture, Natural Stone Console Table, Modern White Marble Table, Elegant Living Room Console, Premium Marble Decor",https://www.hsglobalexport.com/products/handcrafted-banswara-white-marble-console-table, ,
https://www.hsglobalexport.com/products/handcrafted-marine-black-marble-console-table,,"Handcrafted Marine Black Marble Console Table
","Buy Handcrafted Marine Black Marble Console Table
 Online by Hs Global","Buy Handcrafted Marine Black Marble Console Table from HS Global Export. Elegant artisanal black marble design adds luxury, sophistication, and style to any modern space. Shop Now","HS Global Export, Handcrafted Marine Black Marble Console Table, Marine Black Marble Console, Luxury Black Marble Console Table, Designer Marble Furniture, Natural Stone Console Table, Modern Black Marble Table, Elegant Living Room Console, Premium Marble Decor",https://www.hsglobalexport.com/products/handcrafted-exotic-white-marble-console-table, ,black-marble-console-table-modern-entryway-table
https://www.hsglobalexport.com/products/modern-sculptural-marble-console-table,,Modern Sculptural Marble Console Table,Buy Modern Sculptural Marble Console Table Online by Hs Global Export,"Buy Modern Sculptural Marble Console Table from HS Global Export. Sleek, artistic marble design adds contemporary elegance and luxury to any stylish living space.","HS Global Export, Modern Sculptural Marble Console Table, Sculptural Marble Console, Luxury Marble Console Table, Designer Marble Furniture, Contemporary Marble Console, Modern Stone Console Table, Elegant Living Room Console, Premium Marble Decor, Buy Marble Console Table Online",https://www.hsglobalexport.com/products/handcrafted-marine-black-marble-console-table, ,modern-marble-console-table-sculptural-entryway-table
https://www.hsglobalexport.com/products/travertine-stone-arch-console-table,"Elevate your entryway with the Travertine Stone Arch Console Table by HS Global, a stunning blend of natural elegance and modern design. Crafted from premium travertine, this console table showcases the stone’s distinctive veining and warm, earthy tones, making each piece uniquely captivating. Its smooth, polished surface adds a refined touch, while the arch-shaped base introduces architectural interest and fluidity, creating a harmonious balance between form and function. Perfect for hallways, living rooms, or transitional spaces, it serves as both a practical surface and a sophisticated focal point.

Designed for contemporary, minimalist interiors, the Travertine Stone Arch Console Table pairs simplicity with durability. The solid stone construction ensures long-lasting stability, while the sculptural arch design adds visual intrigue without overwhelming the space. Ideal for displaying décor, floral arrangements, or everyday essentials, this table effortlessly combines functionality with artistry. HS Global’s meticulous craftsmanship transforms natural materials into modern statement furniture, offering a piece that elevates your home with understated luxury, timeless beauty, and architectural elegance.


✨Limited Period Offer! Enjoy complimentary fast shipping with 🚚 DHL Express (5 to 7 working days). Buy your favorite HS Global handmade product now!


💎 A Truly Original Piece

Don't miss out! - Perfect for gifting or adding a unique touch to your space!

📌 Disclaimer: 

As with all our stone items, these stones are a naturally occurring substance, please expect slight variations in color, patterns, and shades for each item. Not all items will look exactly the same, and may vary slightly from photos.

💡 Our products are made from 100% natural stone —

✨ No chemicals
✨ No artificial colors
✨ No paint or fillers (Not used in any part of the production)
Just pure, natural elegance.

Note : We can also prepare the stock as per the buyer's requirement.

📍 Materials We Expertly Craft

👉 Marble • Stone • Granite • Ceramic • Semi-Precious Stone • Travertine • Natural Stone


Please contact us for your custom orders and bulk purchases. 

🙏 Thank you for choosing HS Global! 🤝",Travertine Stone Arch Console Table, Buy Travertine Stone Arch Console Table Online by Hs Global Export,Buy Travertine Stone Arch Console Table from HS Global Export. Elegant natural travertine design with arch detailing adds timeless luxury and style to any living space.,"HS Global Export, Travertine Stone Arch Console Table, Travertine Console Table, Stone Arch Console Table, Luxury Travertine Console, Designer Marble Furniture, Natural Stone Console Table, Modern Travertine Table, Elegant Living Room Console, Premium Stone Decor, Buy Travertine Console Table Online, Contemporary Marble Console Design, Handcrafted Stone Table",https://www.hsglobalexport.com/products/modern-sculptural-marble-console-table, ,travertine-console-table-sculptural-stone-entryway-table
https://www.hsglobalexport.com/products/travertine-stone-console-table,,Travertine Stone Console Table,Buy Travertine Stone Console Table | Handcrafted Stone Furniture by Hs Global Export,"Handcrafted Travertine Stone Console Table by Hs Global Export – Elegant, durable stone furniture perfect for adding a luxurious touch to any home interior. Shop Now","Travertine console table, stone furniture, handcrafted table, luxury home decor, Hs Global Export, durable stone furniture, interior decor table, natural stone table",https://www.hsglobalexport.com/products/travertine-stone-arch-console-table, ,travertine-console-table-sculptural-stone-entryway-table
https://www.hsglobalexport.com/products/white-marble-console-table-with-metal-legs,,White Marble Console Table With Metal Legs,Buy White Marble Console Table With Metal Legs Online at Best Price by Hs Gloal Export,"White Marble Console Table with Metal Legs by Hs Global Export – Elegant, handcrafted marble furniture perfect for dining or entryway, blending luxury with modern design.","White marble console table, marble console with metal legs, marble top dining table, luxury marble furniture, handcrafted marble table, Hs Global Export, modern home decor, elegant marble table",https://www.hsglobalexport.com/products/travertine-stone-console-table, ,white-modern-marble-console-table-with-metal-legs-entryway-table-for-entryways-hallways
https://www.hsglobalexport.com/products/ashby-round-side-table,,Ashby Round Side Table | White Ash & Black Matte ,Buy Ashby Round Side Table and White Ash & Black Matte Online by Hs Global Export ,"Shop the Ashby Round Side Table in White Ash & Black Matte by Hs Global Export. A sleek, modern accent piece built for durability and everyday elegance.","Ashby Round Side Table, white ash side table, black matte side table, modern round table, wooden side table, accent table, contemporary furniture, living room table, designer side table, Hs Global Export furniture",https://www.hsglobalexport.com/products/white-marble-console-table-with-metal-legs, ,
https://www.hsglobalexport.com/products/banswara-white-marble-side-table,"Bring timeless elegance and modern functionality to your home with the Banswara White Marble Side Table from HS Global. Expertly crafted from premium Banswara white marble, each table features unique natural veining, ensuring that every piece is one-of-a-kind. The smooth, polished surface enhances the stone’s innate beauty while providing a durable and easy-to-maintain tabletop for everyday use.
  
  Designed with a contemporary dual-top structure, this side table combines style and practicality. The innovative design offers additional space for décor, books, or beverages, making it both functional and visually striking. Its minimalist yet sophisticated silhouette seamlessly complements a variety of interior styles, from modern living rooms to chic bedrooms and elegant lounge areas.
  
  Handcrafted with precision, the Banswara White Marble Side Table reflects artisanal excellence and refined craftsmanship. Combining natural beauty, durability, and modern design, it serves as a versatile and luxurious accent piece, enhancing any space with understated sophistication and lasting charm.


✨Limited Period Offer! Enjoy complimentary fast shipping with 🚚 DHL Express (5 to 7 working days). Buy your favorite HS Global handmade product now!


💎 A Truly Original Piece

Don't miss out! - Perfect for gifting or adding a unique touch to your space!

📌 Disclaimer: 

As with all our stone items, these stones are a naturally occurring substance, please expect slight variations in color, patterns, and shades for each item. Not all items will look exactly the same, and may vary slightly from photos.

💡 Our products are made from 100% natural stone —

✨ No chemicals
✨ No artificial colors
✨ No paint or fillers (Not used in any part of the production)
Just pure, natural elegance.

Note : We can also prepare the stock as per the buyer's requirement.

📍 Materials We Expertly Craft

👉 Marble • Stone • Granite • Ceramic • Semi-Precious Stone • Travertine • Natural Stone


Please contact us for your custom orders and bulk purchases. 

🙏 Thank you for choosing HS Global! 🤝",Banswara White Marble Side Table,Buy Banswara White Marble Side Table Online by Hs Global Export,"Shop the Banswara White Marble Side Table by Hs Global Export. Crafted from premium marble, it adds timeless elegance and natural charm to any living space.","Banswara White Marble Side Table, white marble table, marble side table, luxury side table, natural stone table, modern marble furniture, living room accent table, Hs Global Export furniture",https://www.hsglobalexport.com/products/ashby-round-side-table, ,white-marble-side-table-modern-sculptural-accent-table
https://www.hsglobalexport.com/products/beige-travertine-curved-round,,Beige Travertine Curved Round,Buy Beige Travertine Curved Round Online by Hs Global export,"Discover the Beige Travertine Curved Round table by Hs Global Export. Crafted from natural stone with a soft curved design, it brings warmth and elegance to any space.","Beige travertine table, curved round table, travertine side table, natural stone table, modern stone furniture, luxury accent table, contemporary home décor, Hs Global Export",https://www.hsglobalexport.com/products/banswara-white-marble-side-table, ,
https://www.hsglobalexport.com/products/black-marble-side-table,"Elevate your interior with the timeless sophistication of the Black Marble Side Table by HS Global. Expertly hand-carved from premium natural marble, this piece embodies the perfect harmony between modern design and organic artistry. The deep black stone, accented with subtle natural veining, creates a bold yet refined statement that complements any luxury living space.
  
  Each table is individually sculpted by skilled artisans, ensuring no two pieces are ever identical. Its smooth, polished surface and curved organic silhouette bring a sense of depth and balance, making it an exquisite addition to contemporary lounges, bedrooms, or elegant office spaces. Durable and visually striking, the Black Marble Side Table serves beautifully as an accent piece, bedside table, or display pedestal for art and décor.
  
  At HS Global, we celebrate craftsmanship and authenticity in every creation. This sculptural stone table is more than furniture—it’s a lasting symbol of natural beauty, precision, and modern elegance. Perfect for those who appreciate artful design and enduring quality.


✨Limited Period Offer! Enjoy complimentary fast shipping with 🚚 DHL Express (5 to 7 working days). Buy your favorite HS Global handmade product now!


💎 A Truly Original Piece

Don't miss out! - Perfect for gifting or adding a unique touch to your space!

📌 Disclaimer: 

As with all our stone items, these stones are a naturally occurring substance, please expect slight variations in color, patterns, and shades for each item. Not all items will look exactly the same, and may vary slightly from photos.

💡 Our products are made from 100% natural stone —

✨ No chemicals
✨ No artificial colors
✨ No paint or fillers (Not used in any part of the production)
Just pure, natural elegance.

Note : We can also prepare the stock as per the buyer's requirement.

📍 Materials We Expertly Craft

👉 Marble • Stone • Granite • Ceramic • Semi-Precious Stone • Travertine • Natural Stone


Please contact us for your custom orders and bulk purchases. 

🙏 Thank you for choosing HS Global! 🤝",Black Marble Side Table,Buy Black Marble Side Table for Living Room Online by Hs Global Export,Enhance your living room with a black marble side table that blends luxury and durability. A timeless accent piece perfect for modern and classic interiors.,"black marble side table, living room side table, marble accent table, modern marble table, luxury side table, stone side table, contemporary furniture, home décor table",https://www.hsglobalexport.com/products/beige-travertine-curved-round, ,black-marble-side-table-sculptural-modern-accent-table
https://www.hsglobalexport.com/products/black-and-white-marble-cube-table,"Discover the striking contrast and timeless appeal of the Black and White Marble Cube Table by HS Global. Expertly handcrafted from premium natural marble, this geometric masterpiece blends modern design with the raw elegance of stone. The polished cube form highlights the marble’s natural veining—each piece displaying a one-of-a-kind pattern that celebrates the harmony between art and nature.
  
  Designed to enhance both residential and commercial interiors, this sculptural table serves as a versatile accent or side table. Its bold monochrome palette and refined finish make it an ideal statement piece for contemporary living rooms, minimalist lounges, or luxury office spaces. Whether standing alone or paired with complementary décor, the Cube Table adds sophistication, texture, and visual balance to any environment.
  
  At HS Global, each creation embodies meticulous craftsmanship and an enduring commitment to quality. The Black and White Marble Cube Table is not just furniture—it’s a sculptural expression of modern luxury and timeless beauty, crafted to elevate your space for years to come.



✨Limited Period Offer! Enjoy complimentary fast shipping with 🚚 DHL Express (5 to 7 working days). Buy your favorite HS Global handmade product now!


💎 A Truly Original Piece

Don't miss out! - Perfect for gifting or adding a unique touch to your space!

📌 Disclaimer: 

As with all our stone items, these stones are a naturally occurring substance, please expect slight variations in color, patterns, and shades for each item. Not all items will look exactly the same, and may vary slightly from photos.

💡 Our products are made from 100% natural stone —

✨ No chemicals
✨ No artificial colors
✨ No paint or fillers (Not used in any part of the production)
Just pure, natural elegance.

Note : We can also prepare the stock as per the buyer's requirement.

📍 Materials We Expertly Craft

👉 Marble • Stone • Granite • Ceramic • Semi-Precious Stone • Travertine • Natural Stone


Please contact us for your custom orders and bulk purchases. 

🙏 Thank you for choosing HS Global! 🤝",Black And White Marble Cube Table,Buy Black And White Marble Cube Table Online by Hs Global Export,"Make a bold statement with the Black and White Marble Cube Table. Crafted from premium stone, its striking contrast and clean lines add modern luxury to any space.","black and white marble table, marble cube table, cube side table, modern marble furniture, luxury accent table, stone cube table, contemporary home décor, designer side table",https://www.hsglobalexport.com/products/black-marble-side-table, ,black-white-marble-side-table-geometric-accent-table
https://www.hsglobalexport.com/products/fantasy-brown-marble-side-table,"Elevate your living space with the Fantasy Brown Marble Side Table by HS Global. This polished round pedestal accent table combines elegance and functionality, making it the perfect addition to any modern or classic interior. Crafted with premium brown marble, each table boasts a unique pattern that adds a touch of luxury and sophistication to your home.
  
  The sturdy pedestal base provides excellent stability while maintaining a sleek, minimalist design. Its smooth polished surface is not only visually appealing but also easy to clean and maintain, making it ideal for everyday use. Perfect for placing a lamp, decorative items, or your favorite books, this side table effortlessly blends style with practicality.
  
  Whether positioned next to a sofa, bed, or armchair, the Fantasy Brown Marble Side Table enhances any room with its timeless charm. Bring home this exquisite accent piece and make a statement of refined elegance with HS Global.




✨Limited Period Offer! Enjoy complimentary fast shipping with 🚚 DHL Express (5 to 7 working days). Buy your favorite HS Global handmade product now!


💎 A Truly Original Piece

Don't miss out! - Perfect for gifting or adding a unique touch to your space!

📌 Disclaimer: 

As with all our stone items, these stones are a naturally occurring substance, please expect slight variations in color, patterns, and shades for each item. Not all items will look exactly the same, and may vary slightly from photos.

💡 Our products are made from 100% natural stone —

✨ No chemicals
✨ No artificial colors
✨ No paint or fillers (Not used in any part of the production)
Just pure, natural elegance.

Note : We can also prepare the stock as per the buyer's requirement.

📍 Materials We Expertly Craft

👉 Marble • Stone • Granite • Ceramic • Semi-Precious Stone • Travertine • Natural Stone


Please contact us for your custom orders and bulk purchases. 

🙏 Thank you for choosing HS Global! 🤝",Fantasy Brown Marble Side Table,"Buy Fantasy Brown Marble Side Table
 Online by Hs Global Export","Elevate your space with the Fantasy Brown Marble Side Table. Featuring rich natural patterns and warm tones, it adds refined elegance to any room.","Fantasy Brown marble table, brown marble side table, natural stone side table, luxury marble furniture, modern accent table, designer side table, living room marble table",https://www.hsglobalexport.com/products/black-and-white-marble-cube-table, ,
https://www.hsglobalexport.com/products/green-marble-side-table,"Elevate your interior with the Green Marble Side Table from HS Global, a stunning blend of natural elegance and modern design. Crafted from premium green marble, each table showcases unique veining and rich color variations, ensuring every piece is truly one-of-a-kind. The polished surface enhances the marble’s luxurious texture while providing a smooth and durable tabletop for everyday use.
  
  With its sculptural, contemporary design, this side table makes a stylish statement in any room. Its sleek lines and modern silhouette seamlessly complement a variety of interior styles, from minimalist apartments to sophisticated living rooms and bedrooms. The solid marble construction ensures lasting stability, while its compact yet functional design offers a practical surface for décor, books, or beverages.
  
  Perfect as an accent piece or end table, the Green Marble Side Table combines artisanal craftsmanship with natural beauty, bringing sophistication, charm, and a touch of luxury to your home décor.




✨Limited Period Offer! Enjoy complimentary fast shipping with 🚚 DHL Express (5 to 7 working days). Buy your favorite HS Global handmade product now!


💎 A Truly Original Piece

Don't miss out! - Perfect for gifting or adding a unique touch to your space!

📌 Disclaimer: 

As with all our stone items, these stones are a naturally occurring substance, please expect slight variations in color, patterns, and shades for each item. Not all items will look exactly the same, and may vary slightly from photos.

💡 Our products are made from 100% natural stone —

✨ No chemicals
✨ No artificial colors
✨ No paint or fillers (Not used in any part of the production)
Just pure, natural elegance.

Note : We can also prepare the stock as per the buyer's requirement.

📍 Materials We Expertly Craft

👉 Marble • Stone • Granite • Ceramic • Semi-Precious Stone • Travertine • Natural Stone


Please contact us for your custom orders and bulk purchases. 

🙏 Thank you for choosing HS Global! 🤝",Green Marble Side Table,Buy Green Marble Side Table Olnline by Hs Global Export,Add rich natural beauty to your space with the Green Marble Side Table — elegant green veining and premium stone craftsmanship make it a standout accent piece.,"green marble side table, marble accent table, natural stone table, luxury furniture, living room table, designer side table, contemporary décor, Hs Global Export",https://www.hsglobalexport.com/products/fantasy-brown-marble-side-table, ,green-marble-side-table-round-stone-accent-table
https://www.hsglobalexport.com/products/luxury-polished-black-marble-side-table,,Luxury Polished Black Marble Side Table, Buy Luxury Polished Black Marble Side Table Onlie by Hs Global Export,"Luxury Polished Black Marble Side Table with sleek finish and premium stone craftsmanship — a stunning, timeless accent piece that elevates any modern living space.","luxury black marble side table, polished marble table, marble accent furniture, premium stone table, modern side table, living room décor, designer table, Hs Global Export",https://www.hsglobalexport.com/products/green-marble-side-table, ,black-marble-pedestal-side-table-luxury-accent-table
https://www.hsglobalexport.com/products/marine-black-marble-side-table,"Transform your living space with the Marine Black Marble Side Table by HS Global, a piece that merges luxury and modern artistry. Its sculptural design makes it more than just furniture—it’s a statement of style and elegance.
 
 Crafted from premium black marble, this table features a polished finish that accentuates the stone’s natural veining and depth. Each piece is unique, ensuring that your table stands out as a singular work of art.
 
 Its versatile design allows it to seamlessly complement both contemporary and classic interiors. Perfect for living rooms, lounges, or bedrooms, it provides a functional surface for drinks, books, or décor while elevating the overall aesthetic of the space.
 
 Durable and timeless, the Marine Black Marble Side Table combines practicality with sophistication. Its bold yet refined presence transforms any corner into a focal point, highlighting the beauty of natural stone.
 
 Invest in a piece that embodies craftsmanship, luxury, and artistic flair, and bring a touch of elegance into your home.


✨Limited Period Offer! Enjoy complimentary fast shipping with 🚚 DHL Express (5 to 7 working days). Buy your favorite HS Global handmade product now!


💎 A Truly Original Piece

Don't miss out! - Perfect for gifting or adding a unique touch to your space!

📌 Disclaimer: 

As with all our stone items, these stones are a naturally occurring substance, please expect slight variations in color, patterns, and shades for each item. Not all items will look exactly the same, and may vary slightly from photos.

💡 Our products are made from 100% natural stone —

✨ No chemicals
✨ No artificial colors
✨ No paint or fillers (Not used in any part of the production)
Just pure, natural elegance.

Note : We can also prepare the stock as per the buyer's requirement.

📍 Materials We Expertly Craft

👉 Marble • Stone • Granite • Ceramic • Semi-Precious Stone • Travertine • Natural Stone


Please contact us for your custom orders and bulk purchases. 

🙏 Thank you for choosing HS Global! 🤝","Marine Black Marble Side Tabl | Black Marble Center Table
",Buy Marine Black Marble Side Table by  Hs Global Export,"Buy Marine Black Marble Side Table — a sleek, premium stone accent piece that brings modern luxury and timeless style to your living room or lounge space.","marine black marble side table, black marble table, luxury side table, modern stone furniture, living room accent table, premium marble décor, Hs Global Export, designer side table",https://www.hsglobalexport.com/products/luxury-polished-black-marble-side-table, ,modern-black-marble-pedestal-side-table
https://www.hsglobalexport.com/products/marine-black-stone-side-table,"Experience the allure of timeless craftsmanship with the Marine Black Stone Side Table by HS Global. Handcrafted from exquisite marine black marble, this luxurious piece showcases a deep, polished finish that reflects sophistication and modern elegance. Each table is carved with precision, highlighting the natural variations and subtle veining unique to the stone—making every piece an individual work of art.
  
  Designed for contemporary interiors, the Marine Black Stone Side Table adds a bold yet refined touch to any space. Its sleek silhouette and glossy surface make it a stunning accent beside a sofa, armchair, or bed, while its sturdy marble construction ensures lasting quality and beauty. Perfect for both residential and commercial environments, this table blends functionality with sculptural design, transforming any room into a statement of style.
  
  At HS Global, we believe true luxury lies in the details. The Marine Black Stone Side Table is more than furniture—it’s a symbol of artistry, durability, and timeless sophistication, designed to elevate your space with natural grace.


✨Limited Period Offer! Enjoy complimentary fast shipping with 🚚 DHL Express (5 to 7 working days). Buy your favorite HS Global handmade product now!


💎 A Truly Original Piece

Don't miss out! - Perfect for gifting or adding a unique touch to your space!

📌 Disclaimer: 

As with all our stone items, these stones are a naturally occurring substance, please expect slight variations in color, patterns, and shades for each item. Not all items will look exactly the same, and may vary slightly from photos.

💡 Our products are made from 100% natural stone —

✨ No chemicals
✨ No artificial colors
✨ No paint or fillers (Not used in any part of the production)
Just pure, natural elegance.

Note : We can also prepare the stock as per the buyer's requirement.

📍 Materials We Expertly Craft

👉 Marble • Stone • Granite • Ceramic • Semi-Precious Stone • Travertine • Natural Stone


Please contact us for your custom orders and bulk purchases. 

🙏 Thank you for choosing HS Global! 🤝",Marine Black Stone Side Table,Buy Marine Black Stone Side Table Online by Hs Global Export,"Marine Black Stone Side Table by Hs Global Export — a premium accent piece with rich black stone finish, adding contemporary luxury and timeless style to any space.","marine black stone side table, black stone table, luxury side table, marble side table, modern accent furniture, living room décor, premium stone table, designer table, Hs Global Export",https://www.hsglobalexport.com/products/marine-black-marble-side-table, ,black-marble-side-table-modern-round-stone-accent-table
https://www.hsglobalexport.com/products/mint-sandstone-side-table,"Add a touch of natural elegance to your home with the Mint Sandstone Side Table from HS Global. Expertly handcrafted from premium mint-colored sandstone, each piece showcases unique textures and subtle color variations, making every table truly one-of-a-kind. The smooth, sculptural finish highlights the stone’s natural beauty while providing a durable and practical surface for daily use.
  
  Designed with a modern, minimalist aesthetic, this side table complements a wide range of interiors, from contemporary living rooms to cozy bedrooms and stylish lounges. Its sturdy sandstone construction ensures long-lasting stability, while the organic, hand-carved contours bring an artistic and sculptural element to your space.
  
  Perfect for holding décor, books, or beverages, the Mint Sandstone Side Table serves as both a functional and striking accent piece. Combining artisanal craftsmanship with natural beauty, this table effortlessly elevates your home décor, adding sophistication, charm, and a touch of modern luxury.



✨Limited Period Offer! Enjoy complimentary fast shipping with 🚚 DHL Express (5 to 7 working days). Buy your favorite HS Global handmade product now!


💎 A Truly Original Piece

Don't miss out! - Perfect for gifting or adding a unique touch to your space!

📌 Disclaimer: 

As with all our stone items, these stones are a naturally occurring substance, please expect slight variations in color, patterns, and shades for each item. Not all items will look exactly the same, and may vary slightly from photos.

💡 Our products are made from 100% natural stone —

✨ No chemicals
✨ No artificial colors
✨ No paint or fillers (Not used in any part of the production)
Just pure, natural elegance.

Note : We can also prepare the stock as per the buyer's requirement.

📍 Materials We Expertly Craft

👉 Marble • Stone • Granite • Ceramic • Semi-Precious Stone • Travertine • Natural Stone


Please contact us for your custom orders and bulk purchases. 

🙏 Thank you for choosing HS Global! 🤝",Mint Sandstone Side Table,Buy Mint Sandstone Side Table Online at Best Price by Hs Global Export,"Buy the Mint Sandstone Side Table online from Hs Global Export. Stylish, durable, and crafted from premium sandstone, it adds elegance and charm to any space.","Mint Sandstone Side Table, sandstone side table, mint side table, natural stone table, modern accent table, living room side table, luxury sandstone furniture, Hs Global Export, designer side table, contemporary home décor",https://www.hsglobalexport.com/products/marine-black-stone-side-table, ,
https://www.hsglobalexport.com/products/osaka-beige-travertine,,Osaka Beige Travertine,Buy Osaka Beige Travertine Online at Best price by Hs Global Export ,"Buy the Osaka Beige Travertine Table online at the best price from Hs Global Export. Elegant, durable travertine design adds a modern, luxurious touch to any space.","Osaka Beige Travertine, beige travertine table, travertine side table, natural stone table, luxury stone furniture, modern accent table, living room décor, Hs Global Export, designer side table, contemporary home furniture",https://www.hsglobalexport.com/products/mint-sandstone-side-table, ,
https://www.hsglobalexport.com/products/panda-white-marble-side-table,"The Panda White Marble Side Table from HS Global is a stunning fusion of natural beauty and modern craftsmanship. Designed as a sculptural accent piece, it showcases the bold black-and-white veining that makes Panda marble uniquely captivating. Its striking patterns ensure that every table is a one-of-a-kind work of art.
 Each table is meticulously handcrafted and polished to achieve a smooth, refined surface. This attention to detail enhances the marble’s natural contrast while ensuring long-lasting durability. Whether used daily or displayed as a decorative statement, it offers both function and timeless elegance.
 Versatile in its design, the table complements modern, minimalist, and luxury interiors alike. Placed beside a sofa, lounge chair, or bedside, it introduces a bold visual element without disrupting your décor’s harmony.
 More than furniture, this piece serves as a sculptural focal point. Perfect for displaying décor, supporting everyday items, or standing alone as a design statement, the Panda White Marble Side Table elevates any space with sophistication and contemporary charm.


✨Limited Period Offer! Enjoy complimentary fast shipping with 🚚 DHL Express (5 to 7 working days). Buy your favorite HS Global handmade product now!


💎 A Truly Original Piece

Don't miss out! - Perfect for gifting or adding a unique touch to your space!

📌 Disclaimer: 

As with all our stone items, these stones are a naturally occurring substance, please expect slight variations in color, patterns, and shades for each item. Not all items will look exactly the same, and may vary slightly from photos.

💡 Our products are made from 100% natural stone —

✨ No chemicals
✨ No artificial colors
✨ No paint or fillers (Not used in any part of the production)
Just pure, natural elegance.

Note : We can also prepare the stock as per the buyer's requirement.

📍 Materials We Expertly Craft

👉 Marble • Stone • Granite • Ceramic • Semi-Precious Stone • Travertine • Natural Stone


Please contact us for your custom orders and bulk purchases. 

🙏 Thank you for choosing HS Global! 🤝",Panda White Marble Side Table,Buy the Panda White Marble Side Table by Hs Global Export,"Buy the Panda White Marble Side Table by Hs Global Export. Crafted from premium white marble, its elegant design adds timeless luxury and style to any living space.","Panda White Marble Side Table, white marble table, marble side table, luxury side table, natural stone table, modern accent table, living room décor, designer furniture, Hs Global Export",https://www.hsglobalexport.com/products/osaka-beige-travertine, ,white-marble-side-table-modern-sculptural-accent-table
https://www.hsglobalexport.com/products/polished-modern-luxury-stone-side-table,,Polished Modern Luxury Stone Side Table,Buy Polished Modern Luxury Stone Side Table Online by Hs Global Export,"Polished Modern Luxury Stone Side Table – Elegant design, premium stone finish, perfect for contemporary living spaces. By Hs Global Export.","Modern side table, Luxury stone table, Polished stone furniture, Contemporary side table, Elegant accent table, Designer home décor, Premium stone furniture, Living room side table, Hs Global Export table, Modern luxury furniture",https://www.hsglobalexport.com/products/panda-white-marble-side-table, ,modern-marble-side-table-luxury-stone-accent-table
https://www.hsglobalexport.com/products/spider-green-beige-designer,,Spider Green Beige Designer,Buy Spider Green Beige Designer Online by HS Global Export,Spider Green Beige Designer – Unique modern furniture piece with elegant green and beige tones. Perfect for stylish interiors and luxury home décor.,"Spider Green Beige, Designer furniture, Modern home décor, Luxury furniture, Contemporary design, Elegant interiors, Premium décor, Unique furniture piece, Stylish home accent, Designer collection",https://www.hsglobalexport.com/products/polished-modern-luxury-stone-side-table, ,
https://www.hsglobalexport.com/products/travertine-stone-side-table,"Add a touch of sophistication to your living space with the Travertine Stone Side Table by HS Global. Expertly hand-carved from premium travertine, this polished arch-shaped table blends sculptural artistry with functional furniture design. Its smooth surface and elegant curves make it a perfect accent piece for modern interiors.

Crafted to highlight the natural beauty and textures of travertine, each side table is unique, reflecting the stone’s subtle veining and tonal variations. Its sturdy construction ensures long-lasting durability, making it ideal for holding décor items, books, or beverages while maintaining a refined aesthetic.

Perfect for living rooms, lounges, or boutique spaces, HS Global’s travertine side table offers a harmonious combination of form and function. This handcrafted piece enhances your décor with timeless elegance, modern design, and artisanal craftsmanship.




✨Limited Period Offer! Enjoy complimentary fast shipping with 🚚 DHL Express (5 to 7 working days). Buy your favorite HS Global handmade product now!


💎 A Truly Original Piece

Don't miss out! - Perfect for gifting or adding a unique touch to your space!

📌 Disclaimer: 

As with all our stone items, these stones are a naturally occurring substance, please expect slight variations in color, patterns, and shades for each item. Not all items will look exactly the same, and may vary slightly from photos.

💡 Our products are made from 100% natural stone —

✨ No chemicals
✨ No artificial colors
✨ No paint or fillers (Not used in any part of the production)
Just pure, natural elegance.

Note : We can also prepare the stock as per the buyer's requirement.

📍 Materials We Expertly Craft

👉 Marble • Stone • Granite • Ceramic • Semi-Precious Stone • Travertine • Natural Stone


Please contact us for your custom orders and bulk purchases. 

🙏 Thank you for choosing HS Global! 🤝",Travertine Stone Side Table, Buy Travertine Stone Side Table Online at Best Price by Hs Global Export,"Buy Travertine Stone Side Table Online at Best Price – Elegant, durable, and perfect for modern interiors. Available now from Hs Global Export","Travertine stone side table, Modern side table, Luxury stone furniture, Contemporary home décor, Elegant accent table, Designer furniture, Durable stone table, Living room side table, Hs Global Export, Premium home décor",https://www.hsglobalexport.com/products/spider-green-beige-designer, ,travertine-side-table-sculptural-stone-accent-table
https://www.hsglobalexport.com/products/vondel-side-table,,Vondel Side Table,Buy Vondel Side Table Online at best Price by Hs Global Export,"Buy Vondel Side Table Online at Best Price – Stylish and modern design, perfect for any living space. Available now from Hs Global Export.","Vondel side table, Modern side table, Luxury furniture, Contemporary home décor, Elegant accent table, Designer furniture, Living room side table, Stylish home décor, Hs Global Export, Premium furniture",https://www.hsglobalexport.com/products/travertine-stone-side-table, ,
https://www.hsglobalexport.com/products/white-cylindrical-cluster,,White Cylindrical Cluster,Buy White Cylindrical Cluster Online at best Price bu HS Global Export," Buy White Cylindrical Cluster by Hs Gllobal Export – Sleek modern design with a clean, minimalist look. Perfect for contemporary interiors and stylish home décor accents","Buy White Cylindrical Cluster Online at Best Price – Sleek, modern design perfect for contemporary interiors. Available now from Hs Global Export.",https://www.hsglobalexport.com/products/vondel-side-table, ,
https://www.hsglobalexport.com/products/white-marble-side-table,"Bring timeless elegance and modern functionality to your home with the Banswara White Marble Side Table from HS Global. Expertly crafted from premium Banswara white marble, each table features unique natural veining, ensuring that every piece is one-of-a-kind. The smooth, polished surface enhances the stone’s innate beauty while providing a durable and easy-to-maintain tabletop for everyday use.
  
  Designed with a contemporary dual-top structure, this side table combines style and practicality. The innovative design offers additional space for décor, books, or beverages, making it both functional and visually striking. Its minimalist yet sophisticated silhouette seamlessly complements a variety of interior styles, from modern living rooms to chic bedrooms and elegant lounge areas.
  
  Handcrafted with precision, the Banswara White Marble Side Table reflects artisanal excellence and refined craftsmanship. Combining natural beauty, durability, and modern design, it serves as a versatile and luxurious accent piece, enhancing any space with understated sophistication and lasting charm.


✨Limited Period Offer! Enjoy complimentary fast shipping with 🚚 DHL Express (5 to 7 working days). Buy your favorite HS Global handmade product now!


💎 A Truly Original Piece

Don't miss out! - Perfect for gifting or adding a unique touch to your space!

📌 Disclaimer: 

As with all our stone items, these stones are a naturally occurring substance, please expect slight variations in color, patterns, and shades for each item. Not all items will look exactly the same, and may vary slightly from photos.

💡 Our products are made from 100% natural stone —

✨ No chemicals
✨ No artificial colors
✨ No paint or fillers (Not used in any part of the production)
Just pure, natural elegance.

Note : We can also prepare the stock as per the buyer's requirement.

📍 Materials We Expertly Craft

👉 Marble • Stone • Granite • Ceramic • Semi-Precious Stone • Travertine • Natural Stone


Please contact us for your custom orders and bulk purchases. 

🙏 Thank you for choosing HS Global! 🤝",White Marble Side Tables for Living Room,Buy white marble side tables Online at Best Price by HS Gobal Export," Buy White Marble Side Tables for Living Room by Hs Global Export– Elegant and durable, these tables add a luxurious touch to any modern interior. Perfect for stylish home décor.","White marble side table, Living room side table, Modern marble furniture, Luxury home décor, Elegant accent table, Contemporary furniture, Designer side table, Premium marble table, Stylish home interiors, Durable stone furniture",https://www.hsglobalexport.com/products/white-cylindrical-cluster, ,white-marble-side-table-modern-sculptural-accent-table
https://www.hsglobalexport.com/products/black-rectangular-block,,Black Rectangular Block, Buy Black Rectangular Block Online at Best Price by Hs Global Export,"Buy Black Rectangular Block Online by Hs Global Export – Sleek and modern design, perfect for adding a bold, contemporary touch to any space. Ideal for stylish home and office décor",,https://www.hsglobalexport.com/products/white-marble-side-table, ,
https://www.hsglobalexport.com/products/forest-green-rectangular-block,,Forest Green Rectangular Block,Buy Forest Green Rectangular Block Onlline at Best Price by Hs Global Export,"Explore our range of modern and stylish furniture online. High-quality designs at the best prices, perfect for elevating any home or office space.*","Modern furniture, Stylish home décor, Contemporary furniture, Luxury home accents, Designer furniture, Living room essentials, Premium décor, Elegant interiors, Home office furniture, Online furniture store",https://www.hsglobalexport.com/products/black-rectangular-block, ,
https://www.hsglobalexport.com/products/lava-oro-spherical-base-table,,Lava Oro Spherical Base Table,Buy Lava Oro Spherical Base Table Online at best Price by Hs Global Export,Buy Lava Oro Spherical Base Table Online at Best Price – Elegant modern design with a unique spherical base. Perfect for stylish living spaces. Hs Global Export,"Lava Oro table, Spherical base table, Modern side table, Luxury furniture, Contemporary home décor, Elegant accent table, Designer furniture, Stylish living room table, Premium home décor, Hs Global Export",https://www.hsglobalexport.com/products/forest-green-rectangular-block, ,
https://www.hsglobalexport.com/products/statuario-block-leg-rounded,,Statuario Block Leg Rounded,Buy Statuario Block Leg Rounded Online at Best Price by Hs Gllobal Export,Buy Statuario Block Leg Rounded Online by Hs Global Export – Elegant and modern design with a rounded Statuario block leg. Perfect for luxury interiors and stylish spaces.,"Hs Global Export, Luxury furniture brand, Modern home décor, Designer furniture, Premium interiors, Contemporary furniture, Elegant home accents, High-quality furniture, Stylish living room furniture, Statuario block table",https://www.hsglobalexport.com/products/lava-oro-spherical-base-table, ,
https://www.hsglobalexport.com/products/statuario-oval-shaped,,Statuario Oval Shaped,Buy Statuario Oval Shaped Online at Best Price by Hs Global Export," Buy Statuario Oval Shaped Online at Best Price by Hs Global Export– Sleek, elegant design with a luxurious Statuario finish. Perfect for modern interiors and stylish living spaces","Statuario oval table, Modern oval furniture, Luxury home décor, Contemporary furniture, Elegant accent table, Designer furniture, Stylish living room table",https://www.hsglobalexport.com/products/statuario-block-leg-rounded, ,
https://www.hsglobalexport.com/products/brown-grey-marble-pedestal-sink,,Brown & Grey Marble Pedestal Sink,Buy Brown & Grey Marble Pedestal Sink at Best Price by Hs Global Export,Buy Brown & Grey Marble Pedestal Sink by Hs Global Export – Elegant and durable design with luxurious marble finish. Perfect for modern bathrooms and stylish interior spaces.,"Brown marble pedestal sink, Grey marble pedestal sink, Luxury bathroom sink, Modern pedestal sink, Elegant bathroom fixture, Designer marble sink, Contemporary bathroom décor",https://www.hsglobalexport.com/products/statuario-oval-shaped, ,
https://www.hsglobalexport.com/products/cylindrical-gear-cut-marble,,Cylindrical Gear Cut Marble, Buy Cylindrical Gear Cut Marble Online at Best Price by Hs Global Export,"Cylindrical Gear Cut Marble – Unique modern design with precision-cut details. Perfect for luxury interiors, stylish décor, and contemporary living spaces","Cylindrical gear cut marble, Modern marble décor, Luxury marble furniture, Contemporary interior design, Designer stone piece, Elegant home décor, Premium marble accents",https://www.hsglobalexport.com/products/brown-grey-marble-pedestal-sink, ,
https://www.hsglobalexport.com/products/italic-brown-cylindrical-shaped,,Italic Brown Cylindrical Shaped, Buy Italic Brown Cylindrical Shaped Online at Best Price by hs Global Export,"Hs Global Export Italic Brown Cylindrical Shaped – Elegant, modern design with warm brown tones. Perfect for contemporary interiors and luxurious spaces.","Hs Global Export, Italic Brown Cylindrical, Modern home décor, Luxury furniture, Contemporary interior design, Designer furniture, Elegant home accents, Premium décor, Stylish living space, Modern stone furniture",https://www.hsglobalexport.com/products/cylindrical-gear-cut-marble, ,
https://www.hsglobalexport.com/products/makrana-white-square-carved,,Makrana White Square Carved, Buy Makrana White Square Carved Online at Best Price by Hs Global export,"Makrana White Square Carved – Exquisitely crafted with elegant white marble, perfect for luxurious interiors, modern décor, and stylish living spaces.","Makrana white square carved, White marble furniture, Luxury home décor, Modern interior design, Elegant accent table, Designer marble piece, Premium home furnishings, Stylish living space décor, Hs Global Export, Contemporary marble furniture",https://www.hsglobalexport.com/products/italic-brown-cylindrical-shaped, ,
https://www.hsglobalexport.com/products/striped-white-marble-pedestal-sink,,Striped White Marble Pedestal Sink,Buy Striped White Marble Pedestal Sink Online at Best Price by Hs Global Export,"Striped White Marble Pedestal Sink – Elegant design with luxurious striped marble finish. Perfect for modern bathrooms and stylish, contemporary interiors","Striped white marble pedestal sink, Luxury bathroom sink, Modern pedestal sink, Elegant bathroom fixture, Designer marble sink, Contemporary bathroom décor, Premium marble sink, Stylish bathroom interiors, Hs Global Export, Modern bathroom furniture",https://www.hsglobalexport.com/products/makrana-white-square-carved, ,white-marble-pedestal-sink-textured-stone-basin
https://www.hsglobalexport.com/products/wide-bowl-forest-green-marble,,Wide Bowl Forest Green Marble,Buy Wide Bowl Forest Green Marble Online at Best Price by Hs Global Export,"Buy Wide Bowl Forest Green Marble Online at Best Price – Elegant and durable design, perfect for modern interiors. Available now from Hs Global Export","Wide bowl forest green marble, Luxury marble bowl, Modern home décor, Designer marble piece, Contemporary interior accents, Elegant stone décor, Premium marble furniture, Stylish living space décor, Hs Global Export, Modern marble décor",https://www.hsglobalexport.com/products/striped-white-marble-pedestal-sink, ,
https://www.hsglobalexport.com/products/absolute-black,"Transform your bathroom into a space of modern elegance with the Handcrafted Absolute Black Marble Fluted Rectangular Basin. Expertly carved from premium black marble, this luxurious countertop sink features a striking fluted design that adds texture, depth, and sophistication to your vanity.
  
  Each basin is meticulously handcrafted, highlighting the natural beauty of the stone while ensuring a smooth, polished surface for a refined finish. Its rectangular shape blends contemporary aesthetics with timeless durability, making it perfect for everyday use.
  
  Ideal for high-end homes, boutique hotels, or luxury interiors, this designer sink serves as both a functional fixture and a statement piece. The deep black hue and fluted detailing create a dramatic contrast that elevates any bathroom decor.
  
  With HS Global’s commitment to quality and artistry, every basin is unique, showcasing the natural variations of marble and the skill of master craftsmen. Experience luxury that lasts a lifetime.



✨Limited Period Offer! Enjoy complimentary fast shipping with 🚚 DHL Express (5 to 7 working days). Buy your favorite HS Global handmade product now!


💎 A Truly Original Piece

Don't miss out! - Perfect for gifting or adding a unique touch to your space!

📌 Disclaimer: 

As with all our stone items, these stones are a naturally occurring substance, please expect slight variations in color, patterns, and shades for each item. Not all items will look exactly the same, and may vary slightly from photos.

💡 Our products are made from 100% natural stone —

✨ No chemicals
✨ No artificial colors
✨ No paint or fillers (Not used in any part of the production)
Just pure, natural elegance.

Note : We can also prepare the stock as per the buyer's requirement.

📍 Materials We Expertly Craft

👉 Marble • Stone • Granite • Ceramic • Semi-Precious Stone • Travertine • Natural Stone


Please contact us for your custom orders and bulk purchases. 

🙏 Thank you for choosing HS Global! 🤝",Absolute Black, Buy Absolute Black Online at Best Price by Hs Global Export,"Buy Absolute Black Online at Best Price – Sleek, modern design perfect for luxury interiors. Available now from Hs Global Export, your trusted furniture brand","Hs Global Export, Modern furniture, Luxury home décor, Contemporary interiors, Designer furniture, Elegant home accents, Premium stone décor, Stylish living space, High-quality furniture
",https://www.hsglobalexport.com/products/wide-bowl-forest-green-marble, ,
https://www.hsglobalexport.com/products/albeta-marble,,Makrana white Albeta Marble,Buy Makrana white Albeta Marble slabs Online at Best Price by Hs Global Export ,"Hs Global Export Makrana White Albeta Marble – Premium quality, elegant white marble slabs perfect for luxury interiors, modern décor, and stylish living spaces. (164 characters)","Hs Global Export, Makrana White Albeta Marble, White marble slabs, Luxury marble, Modern interior décor, Premium stone furniture, Designer marble, Elegant home accents, Contemporary interiors, High-quality marble",https://www.hsglobalexport.com/products/absolute-black, ,
https://www.hsglobalexport.com/products/amazon-green,,Amazon Green Marble | Premium Modern Wahs Basin,Buy Amazon Green Marble Wahs Basin Online at Best Price by Hs Global Export,"Hs Global Export Amazon Green Marble Wash Basin – Elegant green marble design, durable and stylish. Perfect for modern bathrooms and luxury interior décor.","Hs Global Export, Amazon Green Marble Wash Basin, Luxury bathroom sink, Green marble basin, Modern bathroom décor, Designer wash basin, Elegant bathroom fixture, Premium marble sink, Contemporary interiors, Stylish bathroom furniture",https://www.hsglobalexport.com/products/albeta-marble, ,
https://www.hsglobalexport.com/products/bidasar-beige," Transform your bathroom into a luxurious retreat with the Bidasar Beige Marble Sink by HS Global. Expertly crafted from premium Bidasar beige marble, this rectangular stone wash basin showcases subtle veining and warm, earthy tones that bring natural elegance to any space. The polished surface enhances the marble’s rich patterns, creating a refined, sophisticated look that elevates the entire bathroom aesthetic. Its clean, rectangular silhouette combines modern minimalism with timeless beauty, making it a perfect addition to contemporary and luxury interiors.

Designed with both style and functionality in mind, this stone wash basin provides a spacious, practical surface while serving as a striking centerpiece. The solid marble construction ensures durability and long-lasting appeal, while the smooth finish is easy to maintain and resistant to everyday wear. Ideal for high-end bathrooms, powder rooms, or designer spaces, the Bidasar Beige Marble Sink embodies HS Global’s commitment to quality craftsmanship, natural elegance, and sophisticated design, creating a statement piece that blends practicality with luxurious artistry.



✨Limited Period Offer! Enjoy complimentary fast shipping with 🚚 DHL Express (5 to 7 working days). Buy your favorite HS Global handmade product now!


💎 A Truly Original Piece

Don't miss out! - Perfect for gifting or adding a unique touch to your space!

📌 Disclaimer: 

As with all our stone items, these stones are a naturally occurring substance, please expect slight variations in color, patterns, and shades for each item. Not all items will look exactly the same, and may vary slightly from photos.

💡 Our products are made from 100% natural stone —

✨ No chemicals
✨ No artificial colors
✨ No paint or fillers (Not used in any part of the production)
Just pure, natural elegance.

Note : We can also prepare the stock as per the buyer's requirement.

📍 Materials We Expertly Craft

👉 Marble • Stone • Granite • Ceramic • Semi-Precious Stone • Travertine • Natural Stone


Please contact us for your custom orders and bulk purchases. 

🙏 Thank you for choosing HS Global! 🤝",Bidasar Beige,Buy  Bidasar Beige Online at Best Price by Hs Global Export,"Hs Global Export Bidasar Beige – Premium beige marble with natural patterns, perfect for luxurious interiors, modern décor, flooring, countertops, and stylish spaces.","Hs Global Export, Bidasar Beige, Beige marble slabs, Luxury marble, Modern interior décor, Designer marble, Elegant home accents, Premium stone furniture, Contemporary flooring, Stylish interiors",https://www.hsglobalexport.com/products/amazon-green, ,
https://www.hsglobalexport.com/products/decorative-carved-stone,,"Decorative Carved Stone | Wash Basin
","Buy Decorative Carved Stone Wash Basin Online by Hs Global Export
","Buy Decorative Carved Stone Wash Basin Online – Elegant, intricately carved design perfect for luxury bathrooms and modern interiors. Available from Hs Global Export."," Hs Global Export, Decorative carved stone wash basin, Luxury bathroom sink, Designer stone basin, Modern bathroom décor, Elegant wash basin, Premium stone fixture, Contemporary interiors, Stylish bathroom furniture, Carved marble basin",https://www.hsglobalexport.com/products/bidasar-beige, ,
https://www.hsglobalexport.com/products/forest-green-marble-countertop,"The Forest Green Marble Countertop Basin by HS Global is a testament to timeless elegance and expert craftsmanship. Carved from exquisite forest green marble, this round vessel sink showcases the stone’s natural veining and deep, earthy tones, creating a luxurious and unique centerpiece for any bathroom. Each basin is meticulously handcrafted, ensuring that every curve and detail reflects the artistry of skilled artisans.
  
  Designed as a countertop vessel sink, it offers both functionality and sophistication. Its smooth, polished surface not only enhances its visual appeal but also provides a durable and easy-to-maintain finish. The rich green hues bring a sense of nature indoors, creating a serene and calming atmosphere in your space.
  
  Perfect for contemporary homes, boutique hotels, or luxury interiors, the Forest Green Marble Countertop Basin adds a distinctive touch of refinement. Combining practical design with aesthetic beauty, this handcrafted round marble sink from HS Global transforms everyday routines into moments of elegance, making it a striking addition to any stylish bathroom.


✨Limited Period Offer! Enjoy complimentary fast shipping with 🚚 DHL Express (5 to 7 working days). Buy your favorite HS Global handmade product now!


💎 A Truly Original Piece

Don't miss out! - Perfect for gifting or adding a unique touch to your space!

📌 Disclaimer: 

As with all our stone items, these stones are a naturally occurring substance, please expect slight variations in color, patterns, and shades for each item. Not all items will look exactly the same, and may vary slightly from photos.

💡 Our products are made from 100% natural stone —

✨ No chemicals
✨ No artificial colors
✨ No paint or fillers (Not used in any part of the production)
Just pure, natural elegance.

Note : We can also prepare the stock as per the buyer's requirement.

📍 Materials We Expertly Craft

👉 Marble • Stone • Granite • Ceramic • Semi-Precious Stone • Travertine • Natural Stone


Please contact us for your custom orders and bulk purchases. 

🙏 Thank you for choosing HS Global! 🤝",Forest Green Marble Countertop,Buy Forest Green Marble Countertop Online at Best Price by hs Global Export,"Forest Green Marble Countertop – Luxurious and durable design with rich green tones. Perfect for modern kitchens, bathrooms, and elegant interior spaces.","Forest Green Marble Countertop, Luxury kitchen countertop, Green marble surface, Modern interior décor, Designer marble countertop, Premium stone furniture, Elegant home interiors, Stylish kitchen design, Hs Global Export, Contemporary marble décor",https://www.hsglobalexport.com/products/decorative-carved-stone, ,
https://www.hsglobalexport.com/products/green-marble-vessel-sink,,Green Marble Vessel Sink, Buy Green Marble Vessel Sink Online At Best Price by Hs Global Export,Hs Global Export Green Marble Vessel Sink – Elegant and durable design with rich green marble. Perfect for modern bathrooms and stylish luxury interiors.,"Hs Global Export, Green Marble Vessel Sink, Luxury bathroom sink, Designer marble basin, Modern bathroom décor, Elegant wash basin, Premium stone fixture, Stylish bathroom interiors, Contemporary marble sink, High-quality bathroom furniture",https://www.hsglobalexport.com/products/forest-green-marble-countertop, ,green-marble-vessel-sink-round-stone-basin
https://www.hsglobalexport.com/products/hand-carved-marble-lotus-flower,,Hand Carved Marble Lotus Flower, Buy Hand Carved Marble Lotus Flower Online at Best Price by hs Global Export ,"Hs Global Export Hand Carved Marble Lotus Flower – Exquisitely crafted with fine details, perfect for spiritual décor, luxury interiors, and elegant spaces","Hs Global Export, Hand carved marble lotus flower, Marble lotus sculpture, Luxury home décor, Spiritual décor, Designer marble art, Premium stone carving",https://www.hsglobalexport.com/products/green-marble-vessel-sink, ,marble-flower-vessel-sink-hand-carved-stone-basin
https://www.hsglobalexport.com/products/handcrafted-makrana-white-marble-fluted-countertop,,Handcrafted Makrana White Marble Fluted Countertop, Buy  Handcrafted Makrana White Marble Fluted Countertop By Hs Global Export,"Handcrafted Makrana White Marble Fluted Countertop – Elegant design with premium white marble finish, perfect for luxury kitchens and modern interiors.","Handcrafted Makrana White Marble Fluted Countertop, Makrana white marble, Fluted marble countertop, Luxury kitchen countertop, Premium marble surface, Modern interior décor, Designer marble countertop, Elegant kitchen design, Hs Global Export, High-quality marble",https://www.hsglobalexport.com/products/hand-carved-marble-lotus-flower, ,
https://www.hsglobalexport.com/products/kumari-grey-natural-stone-sink,,Kumari Grey Natural Stone Sink, Buy  Kumari Grey Natural Stone Sink Onlline at Best Price by Hs Global Export,"Kumari Grey Natural Stone Sink – Elegant and durable design with natural grey tones, perfect for modern bathrooms and luxury interior spaces.","Luxury bathroom sink, Modern bathroom décor, Designer stone basin, Elegant bathroom fixture, Premium stone sink, Contemporary interiors, Stylish bathroom furniture",https://www.hsglobalexport.com/products/handcrafted-makrana-white-marble-fluted-countertop, ,
https://www.hsglobalexport.com/products/lotus-petal-floral-carved,,Lotus Petal Floral Carved, Buy Lotus Petal Floral Carved Online at Best Price by Hs Gloal Export,"Lotus Petal Floral Carved – Beautifully handcrafted design with intricate floral details, perfect for luxury décor, spiritual spaces, and elegant interiors.","Lotus petal floral carved, Handcrafted marble carving, Floral stone sculpture, Luxury home décor, Spiritual décor piece, Designer marble art, Premium stone carving, Elegant interior accents, Decorative marble sculpture, Artistic stone décor",https://www.hsglobalexport.com/products/kumari-grey-natural-stone-sink, ,
https://www.hsglobalexport.com/products/makrana-pink-marble-fluted-countertop,"Bring warmth and elegance to your bathroom with the Makrana Pink Marble Fluted Countertop Basin from HS Global. Expertly handcrafted from premium Makrana pink marble, this rectangular vessel sink features a sophisticated fluted design, creating a textured and visually striking centerpiece for your vanity. Each basin is unique, showcasing the natural veining and subtle color variations of the marble.
  
  Designed for both beauty and practicality, the smooth interior ensures easy cleaning while the spacious rectangular shape provides ample room for daily use. Its handcrafted quality guarantees durability, making it a long-lasting addition to any bathroom.
  
  The gentle pink tones and fluted detailing offer a perfect balance of modern style and timeless elegance, seamlessly complementing contemporary, classic, or transitional décor.
  
  Transform your bathroom into a luxurious retreat with the Makrana Pink Marble Fluted Countertop Basin, where meticulous craftsmanship meets functional design, creating a statement piece that elevates your space with every use.



✨Limited Period Offer! Enjoy complimentary fast shipping with 🚚 DHL Express (5 to 7 working days). Buy your favorite HS Global handmade product now!


💎 A Truly Original Piece

Don't miss out! - Perfect for gifting or adding a unique touch to your space!

📌 Disclaimer: 

As with all our stone items, these stones are a naturally occurring substance, please expect slight variations in color, patterns, and shades for each item. Not all items will look exactly the same, and may vary slightly from photos.

💡 Our products are made from 100% natural stone —

✨ No chemicals
✨ No artificial colors
✨ No paint or fillers (Not used in any part of the production)
Just pure, natural elegance.

Note : We can also prepare the stock as per the buyer's requirement.

📍 Materials We Expertly Craft

👉 Marble • Stone • Granite • Ceramic • Semi-Precious Stone • Travertine • Natural Stone


Please contact us for your custom orders and bulk purchases. 

🙏 Thank you for choosing HS Global! 🤝",Makrana Pink Marble Fluted Countertop, Buy Makrana Pink Marble Fluted Countertop Online at Best Price by Hs Global Export,"Makrana Pink Marble Fluted Countertop – Elegant fluted design with soft pink tones, crafted from premium marble for luxurious kitchens and modern interiors.","Makrana Pink Marble Fluted Countertop, Makrana pink marble, Fluted marble countertop, Pink marble surface, Luxury kitchen countertop, Premium marble slab, Modern interior décor, Designer marble countertop, Elegant kitchen design",https://www.hsglobalexport.com/products/lotus-petal-floral-carved, ,
https://www.hsglobalexport.com/products/makrana-white-lotus-ribbed-petals,,Makrana White Lotus Ribbed Petals, Buy Makrana White Lotus Ribbed Petals at Best Price by hs Global Export,"Makrana White Lotus Ribbed Petals by Hs Global Export – Exquisitely handcrafted with ribbed lotus petal design, ideal for luxury décor, spiritual spaces, and elegant interiors.","Hs Global Export, Makrana White Lotus Ribbed Petals, Handcrafted marble lotus, Luxury home décor, Spiritual décor piece, Designer marble sculpture, Premium stone carving, Elegant interior accents, Decorative marble art, Artistic stone décor",https://www.hsglobalexport.com/products/makrana-pink-marble-fluted-countertop, ,
https://www.hsglobalexport.com/products/makrana-white-marble-peacock-carved-basin,,Makrana White Marble Peacock Carved Basin, Buy Makrana White Marble Peacock Carved Basin by Hs Global Export ,"Makrana White Marble Peacock Carved Basin – Exquisitely handcrafted with detailed peacock design, perfect for luxury bathrooms and elegant, modern interiors.","Makrana White Marble Peacock Carved Basin, Handcrafted marble basin, Luxury bathroom sink, Peacock carved marble, Designer wash basin",https://www.hsglobalexport.com/products/makrana-white-lotus-ribbed-petals, ,white-marble-vessel-sink-carved-bathroom-basin
https://www.hsglobalexport.com/products/multi-color-rectangular-flutted,,Multi Color Rectangular Flutted, Buy Multi Color Rectangular Flutted Online at Best Price by Hs Global Export,"Multi Color Rectangular Flutted – Vibrant, handcrafted design with fluted details. Perfect for luxury interiors, modern décor, and stylish living spaces.","Multi Color Rectangular Flutted, Handcrafted fluted design, Luxury home décor, Modern interior décor, Vibrant marble piece, Designer stone furniture, Premium decorative accents, Stylish living space décor, Contemporary marble décor, Hs Global Export",https://www.hsglobalexport.com/products/makrana-white-marble-peacock-carved-basin, ,
https://www.hsglobalexport.com/products/nautilus-marble-sink,,Nautilus Marble Sink | White Wash Basin,Buy Nautilus Marble Sink | Wash Basin Online at Best Price by hs Global Export,"Upgrade your bathroom with the Nautilus Marble Sink wash basin by hs Global Export—premium craftsmanship, elegant design, and best online price guaranteed.","Nautilus Marble Sink, marble wash basin, marble bathroom sink, luxury marble sink, natural stone wash basin, designer wash basin, countertop marble sink, bathroom basin online, premium marble sink, hs Global Export, marble sink best price, modern wash basin, stone bathroom sink",https://www.hsglobalexport.com/products/multi-color-rectangular-flutted, ,
https://www.hsglobalexport.com/products/panda-white-marble-countertop,"Elevate your bathroom design with the Panda White Marble Countertop Basin from HS Global. Expertly crafted from premium white marble, this rectangular integrated sink combines timeless elegance with modern functionality. Its smooth surface and bold veining create a striking visual statement, making it the centerpiece of any vanity.
  
  Designed for both style and practicality, the basin’s integrated form ensures a seamless transition from countertop to sink, simplifying cleaning while maintaining a sleek, sophisticated look. The generous dimensions provide ample space for daily use, while the durable marble construction promises long-lasting beauty and resilience.
  
  Whether paired with contemporary fixtures or classic décor, the Panda White Marble Countertop Basin effortlessly complements a variety of bathroom styles. Its luxurious finish and natural patterns guarantee that each piece is uniquely beautiful, bringing a touch of refined elegance to your space.
  
  Upgrade your bathroom with this statement basin, where premium craftsmanship meets functional design, transforming everyday routines into a luxurious experience.



✨Limited Period Offer! Enjoy complimentary fast shipping with 🚚 DHL Express (5 to 7 working days). Buy your favorite HS Global handmade product now!


💎 A Truly Original Piece

Don't miss out! - Perfect for gifting or adding a unique touch to your space!

📌 Disclaimer: 

As with all our stone items, these stones are a naturally occurring substance, please expect slight variations in color, patterns, and shades for each item. Not all items will look exactly the same, and may vary slightly from photos.

💡 Our products are made from 100% natural stone —

✨ No chemicals
✨ No artificial colors
✨ No paint or fillers (Not used in any part of the production)
Just pure, natural elegance.

Note : We can also prepare the stock as per the buyer's requirement.

📍 Materials We Expertly Craft

👉 Marble • Stone • Granite • Ceramic • Semi-Precious Stone • Travertine • Natural Stone


Please contact us for your custom orders and bulk purchases. 

🙏 Thank you for choosing HS Global! 🤝",Panda White Marble Countertop,Buy Panda White Marble Countertop at Best Price by hs Global Export,"Enhance your interiors with Panda White Marble Counter by hs Global Export showcasing bold black veining on a crisp white base, perfect for kitchens and vanities.","Panda White Marble Countertop, panda white marble slab, white marble countertop, luxury marble surface, black and white marble, natural stone countertop, marble kitchen top, marble bathroom vanity, premium marble slab",https://www.hsglobalexport.com/products/nautilus-marble-sink, ,
https://www.hsglobalexport.com/products/rosso-levanto-oval,,Rosso Levanto Oval | Wash Basin,Buy Rosso Levanto Oval at Best Price by Hs Global Export,"Discover the elegance of Rosso Levanto Oval Wash Basin by Hs Global Export, crafted from rich red marble with striking white veins, perfect for luxury bathrooms. Now"," Rosso Levanto Oval Wash Basin, Rosso Levanto marble basin, red marble wash basin, oval marble sink, luxury stone basin, natural marble bathroom sink, designer wash basin, countertop marble basin, premium marble sink, Hs Global Export, marble wash basin online, elegant bathroom basin",https://www.hsglobalexport.com/products/panda-white-marble-countertop, ,
https://www.hsglobalexport.com/products/satvario-rounded-table-top,,Satvario Rounded Table Top | Wash Basin,Buy Satvario Rounded Table Top | Wash Basin at Best Price by Hs Global Export,"Upgrade your bathroom with the Satvario Rounded Table Top Wash Basin by Hs Global Export, crafted from premium marble with a smooth finish and elegant design."," Satvario Rounded Table Top Wash Basin, Satvario marble basin, rounded table top sink, marble wash basin, luxury bathroom basin, natural stone sink, designer marble wash basin, countertop wash basin, premium marble basin, Hs Global Export, modern bathroom sink, elegant marble wash basin",https://www.hsglobalexport.com/products/rosso-levanto-oval, ,
https://www.hsglobalexport.com/products/satvario-white-marble-countertop-sink,,Satvario White Marble Countertop Sink,BuySatvario White Marble Countertop Sink at Best Price by Hs Global Export,"Elevate your bathroom with the Satvario White Marble Countertop Sink by Hs Global Export, crafted from premium white marble for a sleek, durable, and elegant finish.","Satvario White Marble Countertop Sink, Satvario marble wash basin, white marble sink, marble countertop basin, luxury bathroom sink, natural stone wash basin, designer marble basin, countertop wash basin, premium marble sink, Hs Global Export, modern bathroom basin, elegant white marble sink",https://www.hsglobalexport.com/products/satvario-rounded-table-top, ,
https://www.hsglobalexport.com/products/white-marble-faceted-countertop,"Add a modern touch of elegance to your bathroom with the White Marble Faceted Countertop Basin from HS Global. This handcrafted round sink features a geometric faceted design, creating a striking visual appeal while showcasing the natural beauty of premium white marble. Each basin is uniquely carved, ensuring that no two pieces are exactly alike.
  
  Designed with both aesthetics and functionality in mind, the smooth interior surface allows for easy cleaning, while the generous size accommodates daily use effortlessly. Its bold geometric exterior transforms the countertop into a sophisticated centerpiece, blending seamlessly with contemporary or minimalist bathroom designs.
  
  The faceted design not only enhances visual interest but also reflects light beautifully, creating subtle highlights and shadows that elevate the overall ambiance of your space. The durable marble construction ensures long-lasting performance and timeless appeal.
  
  With the White Marble Faceted Countertop Basin, your bathroom becomes more than just a utility space—it becomes a statement of modern luxury and refined craftsmanship.



✨Limited Period Offer! Enjoy complimentary fast shipping with 🚚 DHL Express (5 to 7 working days). Buy your favorite HS Global handmade product now!


💎 A Truly Original Piece

Don't miss out! - Perfect for gifting or adding a unique touch to your space!

📌 Disclaimer: 

As with all our stone items, these stones are a naturally occurring substance, please expect slight variations in color, patterns, and shades for each item. Not all items will look exactly the same, and may vary slightly from photos.

💡 Our products are made from 100% natural stone —

✨ No chemicals
✨ No artificial colors
✨ No paint or fillers (Not used in any part of the production)
Just pure, natural elegance.

Note : We can also prepare the stock as per the buyer's requirement.

📍 Materials We Expertly Craft

👉 Marble • Stone • Granite • Ceramic • Semi-Precious Stone • Travertine • Natural Stone


Please contact us for your custom orders and bulk purchases. 

🙏 Thank you for choosing HS Global! 🤝",White Marble Faceted Countertop,Buy White Marble Faceted Countertop at Best Price by Hs Global Export,"Upgrade your bathroom with the White Marble Faceted Countertop Wash Basin by Hs Global Export, featuring a sleek faceted design crafted from premium white marble.","White Marble Faceted Countertop, faceted marble wash basin, white marble countertop sink, luxury marble basin, designer bathroom sink, natural stone wash basin, premium marble countertop, modern marble wash basin, Hs Global Export, elegant marble sink, marble vanity top, contemporary bathroom basin",https://www.hsglobalexport.com/products/satvario-white-marble-countertop-sink, ,
https://www.hsglobalexport.com/products/white-textured-marble-basin,"Elevate your bathroom décor with the White Textured Marble Basin from HS Global, a perfect blend of natural elegance and artisanal craftsmanship. Handcrafted from premium white marble, this countertop sink features a distinctive textured surface and natural edges, showcasing the organic beauty and unique character of the stone. Each basin is one-of-a-kind, making it a true statement piece for any vanity.
  
  Designed with both style and practicality in mind, the basin offers a smooth interior for effortless cleaning while providing ample space for daily use. Its natural edge design adds a rustic yet sophisticated touch, seamlessly complementing modern, minimalist, or classic bathroom interiors.
  
  The textured surface not only enhances visual appeal but also brings a tactile dimension that elevates the overall aesthetic of your space. Durable and timeless, this marble basin is crafted to last while adding a luxurious feel to everyday routines.
  
  With the White Textured Marble Basin, your bathroom transforms into a serene sanctuary where natural beauty meets functional elegance.




✨Limited Period Offer! Enjoy complimentary fast shipping with 🚚 DHL Express (5 to 7 working days). Buy your favorite HS Global handmade product now!


💎 A Truly Original Piece

Don't miss out! - Perfect for gifting or adding a unique touch to your space!

📌 Disclaimer: 

As with all our stone items, these stones are a naturally occurring substance, please expect slight variations in color, patterns, and shades for each item. Not all items will look exactly the same, and may vary slightly from photos.

💡 Our products are made from 100% natural stone —

✨ No chemicals
✨ No artificial colors
✨ No paint or fillers (Not used in any part of the production)
Just pure, natural elegance.

Note : We can also prepare the stock as per the buyer's requirement.

📍 Materials We Expertly Craft

👉 Marble • Stone • Granite • Ceramic • Semi-Precious Stone • Travertine • Natural Stone


Please contact us for your custom orders and bulk purchases. 

🙏 Thank you for choosing HS Global! 🤝",White Textured Marble Basin,Buy White Textured Marble Basin at Best Price by Hs Global Export,"Enhance your bathroom with the White Textured Marble Basin by Hs Global Export, featuring a unique textured design crafted from premium marble for a modern, elegant look.","White Textured Marble Basin, textured marble wash basin, white marble bathroom sink, luxury marble basin, designer marble wash basin, natural stone sink, modern marble bathroom basin, premium marble basin, Hs Global Export, elegant marble wash basin, countertop marble sink, contemporary marble basin",https://www.hsglobalexport.com/products/white-marble-faceted-countertop, ,white-marble-pedestal-sink-textured-stone-basin
 https://www.hsglobalexport.com/products/anibus-black-marble,,Anibus Marble,Buy Anibus Marble at Best Price by Hs Global Export,"Anibus Marble offers exquisite Anubis marble statues, crafted with precision and elegance. Proudly exported worldwide by HS Global Export.","Anibus Marble, HS Global Export, premium marble supplier, natural marble exporter, marble export company, high quality marble, luxury marble slabs, marble tiles supplier, global marble export, Indian marble exporter, marble manufacturer",https://www.hsglobalexport.com/products/white-textured-marble-basin, ,
 https://www.hsglobalexport.com/products/bloom-and-behold-marble,,Bloom And Behold | African White Marble,Buy Bloom And Behold White Marble at Best Price by Hs Global Export,"Bloom And Behold African White Marble by HS Global Export offers premium quality natural stone with elegant white tones, smooth finish, and reliable global supply.","Bloom And Behold African White Marble, HS Global Export, African white marble supplier, premium white marble, natural marble exporter, luxury marble slabs, white marble tiles, marble export company, high quality marble stone, polished white marble",https://www.hsglobalexport.com/products/anibus, ,
https://www.hsglobalexport.com/products/circle-of-life,"The Circle of Life – White Marble Sculpture by HS Global is a masterpiece that captures the beauty and balance of existence. Crafted from the finest quality white marble, this elegant sculpture symbolizes eternity, unity, and the continuous flow of life. Its smooth curves and seamless form create a calming visual experience, inviting reflection and admiration.
  
  Each sculpture is meticulously handcrafted by skilled artisans, ensuring that every detail reflects precision and artistry. The natural luster of white marble enhances its timeless appeal, making it a perfect statement piece for both modern and traditional interiors.
  
  Ideal for homes, offices, luxury hotels, or outdoor landscapes, the Circle of Life brings sophistication and serenity to any environment. Its minimalist yet meaningful design complements any décor, adding a touch of purity and balance.
  
  With HS Global’s Circle of Life – White Marble Sculpture, celebrate craftsmanship, harmony, and the eternal beauty of nature captured in stone



✨Limited Period Offer! Enjoy complimentary fast shipping with 🚚 DHL Express (5 to 7 working days). Buy your favorite HS Global handmade product now!


💎 A Truly Original Piece

Don't miss out! - Perfect for gifting or adding a unique touch to your space!

📌 Disclaimer: 

As with all our stone items, these stones are a naturally occurring substance, please expect slight variations in color, patterns, and shades for each item. Not all items will look exactly the same, and may vary slightly from photos.

💡 Our products are made from 100% natural stone —

✨ No chemicals
✨ No artificial colors
✨ No paint or fillers (Not used in any part of the production)
Just pure, natural elegance.

Note : We can also prepare the stock as per the buyer's requirement.

📍 Materials We Expertly Craft

👉 Marble • Stone • Granite • Ceramic • Semi-Precious Stone • Travertine • Natural Stone


Please contact us for your custom orders and bulk purchases. 

🙏 Thank you for choosing HS Global! 🤝",Circle Of Life | Whte Marble,Buy Circle Of Life Whte Marble at Best Price by Hs Global Export,"Buy Circle Of Life White Marble from HS Global Export, offering premium quality natural stone with elegant patterns, smooth finish, and trusted global export service.","Buy Circle Of Life White Marble, Circle Of Life White Marble, HS Global Export, white marble supplier, premium white marble, natural marble exporter, luxury marble slabs, polished white marble, marble export company, high quality marble stone",https://www.hsglobalexport.com/products/bloom-and-behold, ,
 https://www.hsglobalexport.com/products/curly-wurly-marble,,Curly Wurly | Brown Marble,Buy Curly Wurly Brown Marble at Best Price by Hs Global Export,"Curly Wurly Brown Marble by HS Global Export features rich brown tones and natural swirls, offering premium quality stone with smooth finish and reliable global export supply.","Curly Wurly Brown Marble, HS Global Export, brown marble supplier, premium brown marble, natural marble exporter, luxury marble slabs, brown marble tiles, polished brown marble, marble export company, high quality marble stone, construction marble supply, interior design marble, global marble exporter, marble manufacturer, bulk marble supplier",https://www.hsglobalexport.com/products/circle-of-life, ,
 https://www.hsglobalexport.com/products/essence-of-duality-black-stone,,Essence Of Duality | Black Stone,Buy Essence Of Duality Black Stone at Best Price by Hs Global Export,"Essence Of Duality Black Stone by HS Global Export showcases deep black tones and refined texture, delivering premium quality stone with elegant finish and trusted global supply.","Essence Of Duality Black Stone, HS Global Export, black stone supplier, premium black stone, natural stone exporter, luxury black stone slabs, polished black stone, black stone tiles, marble export company, high quality stone, construction stone supply, interior design stone, global stone exporter, stone manufacturer, bulk stone supplier",https://www.hsglobalexport.com/products/curly-wurly, ,
"https://www.hsglobalexport.com/products/loop-of-karma-Statuario-white-marble
",,Loop Of Karma | Statuario White Marble,Buy Loop Of Karma | Statuario White Marble at Best Price by Hs Global Export,"Buy Loop Of Karma Statuario White Marble from HS Global Export, offering premium natural stone with elegant white veins, smooth finish, and reliable global export services.","Buy Loop Of Karma Statuario White Marble, Loop Of Karma Statuario White Marble, HS Global Export, Statuario white marble supplier, premium white marble, natural marble exporter, luxury marble slabs, polished white marble, marble tiles supplier, marble export company, high quality marble stone, construction marble supply, interior design marble, global marble exporter, bulk marble supplier",https://www.hsglobalexport.com/products/essence-of-duality, ,
https://www.hsglobalexport.com/products/luxury-marine-black-stone-balloon-dog-sculpture,,Luxury Marine Black Stone Balloon Dog Sculpture,Buy Luxury Marine Black Stone Balloon Dog Sculpture at Best Price by Hs Global Export,"Luxury Marine Black Stone Balloon Dog Sculpture by HS Global Export offers exquisite craftsmanship, premium black stone, and elegant design with reliable global shipping.","Luxury Marine Black Stone Balloon Dog Sculpture, HS Global Export, black stone sculpture, luxury stone art, premium black stone, decorative sculpture, marble art piece, high-end stone sculpture, modern art sculpture, handcrafted stone sculpture, interior decor sculpture, global stone exporter, luxury home decor, collectible stone sculpture, artistic stone design",https://www.hsglobalexport.com/products/loop-of-karma, ,
https://www.hsglobalexport.com/products/shaped-by-time-marine-blackstone,,Shaped By Time | Marine Black Stone,Buy Shaped By Time | Marine Black Stone at Best Price by Hs Global Export,"Shaped By Time Marine Black Stone by HS Global Export features exquisite black stone with natural textures, premium quality finish, and reliable global export for luxury projects.","Shaped By Time Marine Black Stone, HS Global Export, Marine Black Stone, black stone supplier, premium black stone, natural stone exporter, luxury stone slabs, polished black stone, marble export company, high quality stone, construction stone supply, interior design stone, global stone exporter, stone manufacturer, bulk stone supplier",https://www.hsglobalexport.com/products/luxury-marine-black-stone-balloon-dog-sculpture, ,
https://www.hsglobalexport.com/products/stone-cold-stare,"The Stone Cold Stare – Exotic White Marble Sculpture by HS Global is a striking representation of power, mystery, and elegance. Handcrafted from the finest exotic white marble, this stunning piece captures the raw emotion and depth of the human expression frozen in stone. Its detailed craftsmanship and refined finish make it a captivating work of art that commands attention in any setting.
  
  Every curve and contour is sculpted with precision, showcasing the natural beauty and texture of pure white marble. The play of light on its polished surface enhances its dramatic presence, creating a balance between strength and serenity.
  
  Perfect for luxury homes, corporate spaces, or art galleries, the Stone Cold Stare brings a bold yet sophisticated touch to modern interiors. It serves as a timeless reminder of artistic mastery and emotional intensity.
  
  With HS Global, experience art that speaks beyond words—crafted with passion, perfection, and purpose.



✨Limited Period Offer! Enjoy complimentary fast shipping with 🚚 DHL Express (5 to 7 working days). Buy your favorite HS Global handmade product now!


💎 A Truly Original Piece

Don't miss out! - Perfect for gifting or adding a unique touch to your space!

📌 Disclaimer: 

As with all our stone items, these stones are a naturally occurring substance, please expect slight variations in color, patterns, and shades for each item. Not all items will look exactly the same, and may vary slightly from photos.

💡 Our products are made from 100% natural stone —

✨ No chemicals
✨ No artificial colors
✨ No paint or fillers (Not used in any part of the production)
Just pure, natural elegance.

Note : We can also prepare the stock as per the buyer's requirement.

📍 Materials We Expertly Craft

👉 Marble • Stone • Granite • Ceramic • Semi-Precious Stone • Travertine • Natural Stone


Please contact us for your custom orders and bulk purchases. 

🙏 Thank you for choosing HS Global! 🤝",Stone Cold Stare,Buy Stone Cold Stare at Best Price by Hs Global Export,"Stone Cold Stare by HS Global Export delivers striking natural stone with bold textures and premium quality, perfect for elegant interiors and reliable global supply.","Stone Cold Stare, HS Global Export, natural stone supplier, premium stone, luxury stone slabs, bold texture stone, polished stone, interior design stone, marble export company, high quality stone, construction stone supply, global stone exporter, decorative stone, stone art piece, bulk stone supplier",https://www.hsglobalexport.com/products/shaped-by-time, ,
https://www.hsglobalexport.com/products/swan-exotic-white-marble-sculpture,"Add a touch of elegance and sophistication to your home or office with the Swan Exotic White Marble Sculpture from HS Global. Meticulously crafted from premium white marble, this exquisite sculpture captures the graceful beauty of a swan in stunning detail, making it a timeless piece of art.
  
  Its smooth, polished finish enhances the natural brilliance of the marble, reflecting light beautifully and elevating any space it adorns. Perfect for display on a console, coffee table, or shelf, this sculpture not only serves as a decorative piece but also adds a sense of serenity and luxury to your interiors.
  
  Designed for art lovers and collectors, the Swan Sculpture blends classic craftsmanship with contemporary appeal. Whether as a statement centerpiece or a thoughtful gift, this marble masterpiece from HS Global is a lasting symbol of elegance and style.



✨Limited Period Offer! Enjoy complimentary fast shipping with 🚚 DHL Express (5 to 7 working days). Buy your favorite HS Global handmade product now!


💎 A Truly Original Piece

Don't miss out! - Perfect for gifting or adding a unique touch to your space!

📌 Disclaimer: 

As with all our stone items, these stones are a naturally occurring substance, please expect slight variations in color, patterns, and shades for each item. Not all items will look exactly the same, and may vary slightly from photos.

💡 Our products are made from 100% natural stone —

✨ No chemicals
✨ No artificial colors
✨ No paint or fillers (Not used in any part of the production)
Just pure, natural elegance.

Note : We can also prepare the stock as per the buyer's requirement.

📍 Materials We Expertly Craft

👉 Marble • Stone • Granite • Ceramic • Semi-Precious Stone • Travertine • Natural Stone


Please contact us for your custom orders and bulk purchases. 

🙏 Thank you for choosing HS Global! 🤝",Swan Exotic White Marble Sculpture,Buy Swan Exotic White Marble Sculpture at Best Price by Hs Global Export,"Swan Exotic White Marble Sculpture by HS Global Export features elegant white marble, exquisite craftsmanship, and premium quality, perfect for luxury décor with global delivery.","Swan Exotic White Marble Sculpture, HS Global Export, white marble sculpture, exotic marble art, premium marble sculpture, luxury marble décor, polished white marble, handcrafted marble art, interior décor marble, marble art piece, marble export company, high quality marble, decorative marble sculpture, global marble supplier, luxury home décor",https://www.hsglobalexport.com/products/stone-cold-stare, ,
https://www.hsglobalexport.com/products/the-fox-handcrafted-sculpture,,The Fox Handcrafted Sculpture,Buy The Fox Handcrafted Sculpture at Best Price by Hs Global Export,"The Fox Handcrafted Sculpture by HS Global Export features exquisite craftsmanship and premium materials, creating a unique, elegant decorative piece with trusted global delivery.","The Fox Handcrafted Sculpture, HS Global Export, handcrafted sculpture, premium sculpture, decorative art piece, luxury sculpture, artisan sculpture, unique sculpture design, interior décor sculpture, high quality sculpture, collectible sculpture, global sculpture exporter, handcrafted stone art, elegant home décor, artistic sculpture piece",https://www.hsglobalexport.com/products/swan-exotic-white-marble-sculpture, ,
https://www.hsglobalexport.com/products/the-highs-and-lows,"The Highs and Lows” White Marble Sculpture from HS Global is a captivating expression of modern abstract art, meticulously carved from exotic white marble. Designed to evoke movement, contrast, and emotional depth, this sculptural piece blends artistic storytelling with the timeless beauty of natural stone.
 
 Each curve and contour is hand-finished, creating a smooth, polished surface that highlights the marble’s unique veining. The interplay of light across its form adds a dynamic visual effect, making the sculpture appear alive from every angle. Its refined craftsmanship ensures durability while preserving the purity and elegance of the material.
 
 Perfect for contemporary interiors, galleries, luxury offices, or curated home displays, this sculpture serves as a striking centerpiece. Its abstract shape allows viewers to interpret its meaning, inviting contemplation and sparking conversation.


✨Limited Period Offer! Enjoy complimentary fast shipping with 🚚 DHL Express (5 to 7 working days). Buy your favorite HS Global handmade product now!


💎 A Truly Original Piece

Don't miss out! - Perfect for gifting or adding a unique touch to your space!

📌 Disclaimer: 

As with all our stone items, these stones are a naturally occurring substance, please expect slight variations in color, patterns, and shades for each item. Not all items will look exactly the same, and may vary slightly from photos.

💡 Our products are made from 100% natural stone —

✨ No chemicals
✨ No artificial colors
✨ No paint or fillers (Not used in any part of the production)
Just pure, natural elegance.

Note : We can also prepare the stock as per the buyer's requirement.

📍 Materials We Expertly Craft

👉 Marble • Stone • Granite • Ceramic • Semi-Precious Stone • Travertine • Natural Stone


Please contact us for your custom orders and bulk purchases. 

🙏 Thank you for choosing HS Global! 🤝",The Highs And Lows | White Marble,Buy The Highs And Lows | White Marble at Best Price by Hs Global Export,"The Highs and Lows White Marble by HS Global Export offers premium natural marble with striking patterns, smooth finish, and reliable global export for luxury projects.","The Highs And Lows White Marble, HS Global Export, white marble supplier, premium white marble, natural marble exporter, luxury marble slabs, polished white marble, marble tiles supplier, marble export company, high quality marble stone, construction marble supply, interior design marble, global marble exporter, marble manufacturer, bulk marble supplier",https://www.hsglobalexport.com/products/the-fox-handcrafted-sculpture, ,
https://www.hsglobalexport.com/products/the-touchwhite-marble,,The Touch White marble,Buy The Touch White marble at Best Price by Hs Global Export,"The Touch White Marble by HS Global Export offers premium quality natural marble with elegant white tones, smooth finish, and trusted global export for luxury projects.","The Touch White Marble, HS Global Export, white marble supplier, premium white marble, natural marble exporter, luxury marble slabs, polished white marble, marble tiles supplier, marble export company, high quality marble stone, construction marble supply, interior design marble, global marble exporter, marble manufacturer, bulk marble supplier",https://www.hsglobalexport.com/products/the-highs-and-lows, ,
https://www.hsglobalexport.com/products/aurora-marble-table-lamp,"Illuminate your space with timeless sophistication through the Aurora Marble Table Lamp by HS Global. Expertly handcrafted, this lamp showcases the natural beauty of fine marble, enriched with delicate golden veins that radiate warmth and refinement. Every piece is meticulously shaped and polished by skilled artisans, ensuring a unique character that transforms any room into a haven of style and serenity.
  
  The Aurora Lamp combines the purity of marble with the soft glow of ambient light, creating an atmosphere that is both modern and inviting. Its minimalist silhouette pairs seamlessly with luxurious textures, making it a perfect addition to contemporary living rooms, elegant bedrooms, or executive offices. Designed for those who appreciate artistry in everyday details, this lamp stands as a testament to craftsmanship and sophistication.
  
  Whether placed on a side table, nightstand, or console, the Aurora Marble Table Lamp enhances your décor with its golden elegance and serene illumination. At HS Global, we believe in creating pieces that blend functionality with art—bringing light, beauty, and inspiration into every home.


✨Limited Period Offer! Enjoy complimentary fast shipping with 🚚 DHL Express (5 to 7 working days). Buy your favorite HS Global handmade product now!


💎 A Truly Original Piece

Don't miss out! - Perfect for gifting or adding a unique touch to your space!

📌 Disclaimer: 

As with all our stone items, these stones are a naturally occurring substance, please expect slight variations in color, patterns, and shades for each item. Not all items will look exactly the same, and may vary slightly from photos.

💡 Our products are made from 100% natural stone —

✨ No chemicals
✨ No artificial colors
✨ No paint or fillers (Not used in any part of the production)
Just pure, natural elegance.

Note : We can also prepare the stock as per the buyer's requirement.

📍 Materials We Expertly Craft

👉 Marble • Stone • Granite • Ceramic • Semi-Precious Stone • Travertine • Natural Stone


Please contact us for your custom orders and bulk purchases. 

🙏 Thank you for choosing HS Global! 🤝",Aurora Marble Table Lamp,Buy Aurora Marble Table Lamp at Best Price by Hs Global Export,"Buy Aurora Marble Table Lamp from HS Global Export at the best price, featuring premium marble craftsmanship, elegant design, and reliable global shipping for luxury décor.","Buy Aurora Marble Table Lamp, Aurora Marble Table Lamp, HS Global Export, marble table lamp, luxury marble lamp, premium marble décor, handcrafted marble lamp, elegant marble lighting, home décor lamp, marble lighting fixture, high quality marble lamp, interior design lamp, global marble exporter, decorative marble lamp, luxury home lighting",https://www.hsglobalexport.com/products/the-touch, ,
, ,,,,,https://www.hsglobalexport.com/products/aurora-marble-table-lamp,,
, ,,,,,,,
, ,,,,,,,
Redirect below url ,,,,,,,,
Old ,,New Url ,,,,,,
,,,,,,,,
https://www.hsglobalexport.com/products/anibus,,https://www.hsglobalexport.com/products/anibus-marble,,,,,,
https://www.hsglobalexport.com/products/bloom-and-behold,,https://www.hsglobalexport.com/products/bloom-and-behold-marble,,,,,,
https://www.hsglobalexport.com/products/circle-of-life,, https://www.hsglobalexport.com/products/circle-of-life-white-marble,,,,,,
https://www.hsglobalexport.com/products/curly-wurly,,https://www.hsglobalexport.com/products/curly-wurly-marble,,,,,,
https://www.hsglobalexport.com/products/essence-of-duality,, https://www.hsglobalexport.com/products/essence-of-duality-black-stone,,,,,,
https://www.hsglobalexport.com/products/loop-of-karma,,"https://www.hsglobalexport.com/products/loop-of-karma-Statuario-white-marble
",,,,,,
https://www.hsglobalexport.com/products/shaped-by-time,,https://www.hsglobalexport.com/products/shaped-by-time-marine-blackstone,,,,,,
https://www.hsglobalexport.com/products/the-touch,,https://www.hsglobalexport.com/products/the-touch-white-marble,,,,,,
https://www.hsglobalexport.com/products/bidasar-beige,,https://www.hsglobalexport.com/products/bidasar-beige-marble,,,,,,
https://www.hsglobalexport.com/products/amazon-green,,https://www.hsglobalexport.com/products/amazon-green-marble,,,,,,
